Negara,Provinsi,Tahun,Bulan,Total Aset,Giro,Tabungan,Deposito,Total DPK ,Modal Kerja,Investasi,Konsumsi,Total Kredit,Nominal NPL Gross,Rasio NPL Gross,Nominal NPL Net,Rasio NPL Net,Loan to Deposit Rastio (LDR)
INDONESIA,SUMATERA SELATAN,2023,Januari,117786.320137515,16125.268569279,50986.857228418005,39886.491075587,106998.6169,32801.452278603,21163.557876387,41739.279403324996,95704.28956,3022.960784466,0.03158647119,900.2543887549999,0.009406625272,0.8944441747
INDONESIA,SUMATERA SELATAN,2023,Februari,117101.560766895,17262.392701633,50296.165181668,38913.669408247006,106472.2273,32928.448410927,21149.05725152,41942.698930032006,96020.20459,3097.591132302,0.03225978476,937.3693299,0.009762209255,0.9018333422
INDONESIA,SUMATERA SELATAN,2023,Maret,116515.70155768,17065.992834513,50449.593583955,38165.865787771996,105681.4522,34375.002943362,20890.402440672002,42351.054888963,97616.46027,3073.1930287379996,0.03148232399,908.198924264,0.009303747767,0.9236858336
INDONESIA,SUMATERA SELATAN,2023,April,118512.354576843,17805.145308037,52215.654030538004,38711.148276563,108731.9476,34979.545543983,21160.736459087002,42380.601755250005,98520.88376,3175.175326682,0.0322284495,970.483201905,0.00985053285,0.9060895709
INDONESIA,SUMATERA SELATAN,2023,Mei,119012.427637751,17476.415417736,51735.624854759,39172.985179767,108385.0255,35406.979976332004,21297.468099585,42681.64542604401,99386.0935,3276.391888683,0.03296630115,1072.939989645,0.01079567525,0.9169725531
INDONESIA,SUMATERA SELATAN,2023,Juni,120741.28680642799,16445.782782212,52321.01493831701,39695.062664875004,108461.8604,35745.173566718,21081.993746789,42868.807357498,99695.97467,3086.684375683,0.03096097296,1009.365239303,0.01012443323,0.919180017
INDONESIA,SUMATERA SELATAN,2023,Juli,113422.813940169,16933.823042489,52539.148513996,31700.132091190004,101173.1036,35623.375456556,21408.716728940002,43102.546759217,100134.6389,3172.986802818,0.03168720471,989.184736527,0.009878546994,0.9897357631
INDONESIA,SUMATERA SELATAN,2023,Agustus,115587.065461189,16801.465802093,52142.485201408,31868.19140174,100812.1424,37069.130213148004,21783.661917847,43597.032384520004,102449.8245,3338.056314667,0.03258235268,1075.8739280109999,0.01050147165,1.016244889
INDONESIA,SUMATERA SELATAN,2023,September,117237.34325283299,18446.095204721,52101.833429802,31549.189071937002,102097.1177,37850.67970934301,22117.474400223,44100.471061740995,104068.6252,3858.124398516,0.03707288717,1358.971674588,0.01305841864,1.019310119
INDONESIA,SUMATERA SELATAN,2023,Oktober,120107.66737999799,20571.55132903,52861.42328000299,30940.702005981002,104373.6766,37784.533399415996,22516.143287835,44561.870974016994,104862.5477,3871.7564532070005,0.03692220473,1403.333174517,0.01338259661,1.004683854
INDONESIA,SUMATERA SELATAN,2023,November,120858.219510895,18841.299779203,53323.394342674,31207.572819119,103372.2669,38151.189499972,23127.640956309002,44893.478262553,106172.3087,3858.723190373,0.03634396988,1290.8948475759998,0.012158489,1.027086973
INDONESIA,SUMATERA SELATAN,2023,Desember,121347.342494485,15597.760172711,54670.62382628999,33857.636192549995,104126.0202,37838.530096255,21978.783406193,45186.739041878995,105004.0525,3629.138993299,0.03456189457,1188.602691749,0.01131958875,1.008432401
INDONESIA,SUMATERA SELATAN,2024,Januari,125178.247593577,17684.946712291,53644.754697103,32720.161636646,104049.863,37151.356709676,21908.253898793,53083.473309322,112143.0839,4002.6115613919997,0.03569200544,1057.775428859,0.009432373285,1.077782139
INDONESIA,SUMATERA SELATAN,2024,Februari,117390.74936818398,18835.263422392,52410.172390508,30278.156872931002,101523.5927,36829.06609608701,22106.565797903,45678.154916533,104613.7868,3807.6614083169998,0.03639731936,1003.710105164,0.009594434307,1.030438187
INDONESIA,SUMATERA SELATAN,2024,Maret,119650.075720935,19165.147106474,53330.87821825,30736.335423125,103232.3607,37527.890448768005,22111.071691559,46334.169606622,105973.1317,3818.428327824,0.03603204194,1021.870266879,0.009642729719,1.026549533
INDONESIA,SUMATERA SELATAN,2024,April,121435.394680649,18997.338510904,54305.141152509,31428.717837428,104731.1975,37924.69705449501,22539.826980096,46515.191404727,106979.7154,3828.535853651,0.03578749334,1075.2613313749998,0.01005107676,1.021469419
INDONESIA,SUMATERA SELATAN,2024,Mei ,122796.116954109,19161.777983506,54299.493535474,33913.622441777996,107374.894,39546.726681857,22944.328178979,46922.37087923301,109413.4257,3983.804820894,0.03641056656,1173.044377021,0.01072121057,1.018985181
INDONESIA,SUMATERA SELATAN,2024,Juni,126995.63850716401,19242.574592826,55162.316198390996,33034.785699394,107439.6765,42132.131285469,22005.583826801998,47500.765063379,111638.4802,2631.118885298,0.02356820767,1030.3443141569999,0.009229293632,1.039080569
INDONESIA,SUMATERA SELATAN,2024,Juli,131340.92764831,19712.775981689,56332.88818823401,32588.391998745,108634.0562,45727.40452608,22782.188710286,48124.781843324,116634.3751,2639.57824618,0.02263122038,1040.4054092330002,0.008920229637,1.073644667
INDONESIA,SUMATERA SELATAN,2024,Agustus,132721.778647147,20731.697812315,55900.784985933,32938.221331227,109570.7041,45825.370241036,22907.198147805997,48437.818570675,117170.387,2644.817083801,0.02257240206,1034.947837443,0.008832844751,1.069358711
INDONESIA,SUMATERA SELATAN,2024,September,134496.91895216602,21452.279660697,56634.0331026,32491.934532163003,110578.2473,46101.155215487,23537.104516413,48804.62965310599,118442.8894,2614.330576732,0.02207249916,1080.352945516,0.009121298468,1.071122868
INDONESIA,SUMATERA SELATAN,2024,Oktober,136775.13110361,22228.061895059,57455.796925935996,32702.311410469,112386.1702,46467.996182611,24584.130874583,49515.621149668,120567.7482,2679.8069551770004,0.02222656552,1079.571923993,0.008954068895,1.072798797
INDONESIA,SUMATERA SELATAN,2024,November,136439.789860589,21541.577159722,58343.341839578,33036.048070462006,112920.9671,45483.552689111,24856.890216236,49900.899831216,120241.3427,2719.792243338,0.02261944337,1085.998262122,0.009031820815,1.064827426
INDONESIA,SUMATERA SELATAN,2024,Desember,137332.111884668,17186.26948688,60399.511271491996,32085.539764893,109671.3205,43444.134883945,25282.144337543,50144.125966121,118870.4052,2746.272836914,0.023103083,1033.593869502,0.008695132046,1.083878671
INDONESIA,KEPULAUAN BANGKA BELITUNG,2023,Januari,26577.892462279,4910.058093034,13315.09299322,7488.688275761,25713.83936,4675.066712908,2495.926347074,7416.482072024,14587.47513,607.459198224,0.04164251817,185.155768756,0.0126927907,0.5673005469
INDONESIA,KEPULAUAN BANGKA BELITUNG,2023,Februari,26621.987069721003,4455.847883663,13244.35552868,8159.787118123,25859.99053,4630.22170862,2548.7879091570003,7535.167335653,14714.17695,627.5565123169999,0.04264978696,189.64156529,0.01288835698,0.5689939034
INDONESIA,KEPULAUAN BANGKA BELITUNG,2023,Maret,26098.598735555,4586.95985846,12848.212979882,7860.472492756,25295.64533,4829.892793093,2617.803966843,7613.3367982849995,15061.03356,618.524895607,0.04106789174,187.107601317,0.01242329091,0.5954002502
INDONESIA,KEPULAUAN BANGKA BELITUNG,2023,April,26414.228428149003,4859.674178542,13079.036266764002,7635.8308421169995,25574.54129,4899.491989589,2637.237484152,7611.6391731819995,15148.36865,611.1423934530001,0.04034377613,203.088439154,0.01340662113,0.5923222034
INDONESIA,KEPULAUAN BANGKA BELITUNG,2023,Mei,26536.825045919002,4839.078182938,13082.219216128,7733.938104434,25655.2355,4850.917672766001,2684.2993781210002,7676.715578151,15211.93263,601.895984154,0.039567358,201.009874949,0.01321396037,0.5929367761
INDONESIA,KEPULAUAN BANGKA BELITUNG,2023,Juni,26699.118540172996,4705.339948513,13249.344111987,7788.60136031,25743.28542,4918.60159388,2705.537470097,7718.865468581999,15343.00453,570.851695317,0.03720599144,191.559670527,0.01248514723,0.5960002495
INDONESIA,KEPULAUAN BANGKA BELITUNG,2023,Juli,26744.834439849,4478.843613835,13348.380436136,7906.755031479999,25733.97908,4945.734228968,2748.130344022,7788.942045053001,15482.80662,590.0213313429999,0.03810816384,199.855370674,0.01290821332,0.6016483719
INDONESIA,KEPULAUAN BANGKA BELITUNG,2023,Agustus,27418.736370678,4968.780139673,13224.25176389,8029.270212951,26222.30212,5137.491463189001,2810.751595372,7855.527767265001,15803.77083,578.42906653,0.03660069947,194.856203339,0.01232972849,0.6026843393
INDONESIA,KEPULAUAN BANGKA BELITUNG,2023,September,27745.504585963,4557.740868573,13112.255534081001,8681.649337519999,26351.64574,5467.141379743,2837.075703475,7901.13494658,16205.35203,564.637421932,0.0348426508,188.99878573299998,0.01166273867,0.6149654632
INDONESIA,KEPULAUAN BANGKA BELITUNG,2023,Oktober,28745.196544572,4917.518113921,13194.837160361,9078.342725138999,27190.698,5772.1548753980005,2886.3217518930005,7970.019614011,16628.49624,565.628903518,0.03401563769,186.591430682,0.01122118488,0.611550915
INDONESIA,KEPULAUAN BANGKA BELITUNG,2023,November,28767.023296799,5124.336988834,13271.19573239,8865.403731171,27260.93645,5821.847337942,2911.671246459,7966.656176888,16700.17476,554.609982725,0.03320983107,186.36759056,0.01115961918,0.6126045886
INDONESIA,KEPULAUAN BANGKA BELITUNG,2023,Desember,26982.084046257998,4484.941841157,13284.437297731,7615.09760219,25384.47674,5509.3491495,2991.681603904,8016.142204885,16517.17296,334.85151466700006,0.02027293142,164.333342808,0.009949241509,0.6506800643
INDONESIA,KEPULAUAN BANGKA BELITUNG,2024,Januari,26551.157428031,4358.352069078,12912.702131751,7700.573607177,24971.62781,5312.379999739,3045.647409022,9873.675917215,18231.70333,399.996520888,0.02193961331,190.254177593,0.01043534848,0.7300967108
INDONESIA,KEPULAUAN BANGKA BELITUNG,2024,Februari,25804.641830717002,4022.706787926,12518.115091343001,7529.865003819001,24070.68688,5086.594738654,3134.369755484,8141.525206431001,16362.4897,367.066178335,0.022433394,178.995267845,0.01093936627,0.6797682916
INDONESIA,KEPULAUAN BANGKA BELITUNG,2024,Maret,24880.446797763,3942.225511389,12537.046937207,7209.074103555001,23688.34655,4980.020726758,3182.017930377,8303.050646248,16465.0893,360.58133344,0.02189974963,150.808004641,0.009159258226,0.6950712776
INDONESIA,KEPULAUAN BANGKA BELITUNG,2024,April,24746.207133662,3876.126842995,12534.029267992999,7202.508687042,23612.6648,4938.989138854,3208.077402114,8324.874599043,16471.94114,377.299230409,0.0229055718,159.833189509,0.009703360894,0.6975892506
INDONESIA,KEPULAUAN BANGKA BELITUNG,2024,Mei ,25025.974992751002,3791.027032704,12458.043795245,7153.671069830001,23402.7419,4892.027084578,3310.7333843799997,8406.248267218,16609.00874,372.106426145,0.02240389129,149.664188983,0.009011024761,0.7097035385
INDONESIA,KEPULAUAN BANGKA BELITUNG,2024,Juni,25852.99832826,4102.136851139,12688.987723798999,6906.427106014,23697.55168,5121.809310507,3311.394572534,8460.06661191,16893.27049,357.87872723800007,0.0211846917,146.49271592899998,0.00867166106,0.7128698662
INDONESIA,KEPULAUAN BANGKA BELITUNG,2024,Juli,26227.504430492998,3989.600794777,12770.799713542001,7232.178173287,23992.57868,5253.778263166,3341.64837903,8567.976845514,17163.40349,394.004792516,0.02295609917,169.986845477,0.009904028976,0.7153630177
INDONESIA,KEPULAUAN BANGKA BELITUNG,2024,Agustus,25953.944419834,4250.573702679,12619.785473316,7470.355104716001,24340.71428,5810.949184648,3365.6777773040003,8622.377644313001,17799.00461,377.741839332,0.02122263844,154.808903451,0.008697615787,0.7312441369
INDONESIA,KEPULAUAN BANGKA BELITUNG,2024,September,26340.039270619,4478.007665241,12882.718356781,7526.112708905,24886.83873,5840.945386647,3373.568632911,8719.450827976,17933.96485,356.10591974299996,0.01985650818,152.706914723,0.008514955618,0.7206204469
INDONESIA,KEPULAUAN BANGKA BELITUNG,2024,Oktober,27259.026173134,4961.097158335,13191.764522218,7588.786613884,25741.64829,6002.567091139,3388.630596278,8865.928162691998,18257.12585,362.557813774,0.0198584277,143.314927399,0.007849807718,0.7092446312
INDONESIA,KEPULAUAN BANGKA BELITUNG,2024,November,27586.821173474,5369.405233294,13391.518238624998,7250.461180005,26011.38465,5804.9815278979995,3395.400874475,8937.092680992,18137.47508,366.29891517600004,0.02019569502,144.678649748,0.007976780069,0.6972898723
INDONESIA,KEPULAUAN BANGKA BELITUNG,2024,Desember,26730.799891294,4147.350969128,13585.00528597,7542.0311442639995,25274.3874,5756.676767682,3401.501699511,9030.48420365,18188.66267,340.651928196,0.01872880565,130.871670826,0.007195233272,0.719648013
INDONESIA,LAMPUNG,2023,Januari,79986.2178743,8344.763044899,33487.164554924,18441.522199801,60273.4498,34974.366439444,12173.318317722,28558.703280683003,75706.38804,3298.7049493320005,0.0435723462,745.664967398,0.009849432614,1.256048696
INDONESIA,LAMPUNG,2023,Februari,79768.529220826,8957.645949338,32860.733492425,18468.502834976,60286.88228,34869.519079266,12306.084808177999,28760.193121367003,75935.79701,3285.781401645,0.04327051972,737.082064325,0.00970664816,1.259574125
INDONESIA,LAMPUNG,2023,Maret,80438.474585906,10676.976189445,32883.034088621,19091.753156992,62651.76344,35626.700891791,11117.488945027999,28910.147875445997,75654.33771,1904.123954846,0.0251687347,718.975850663,0.009503431957,1.207537243
INDONESIA,LAMPUNG,2023,April,80020.325837849,9209.82050308,33935.206574336,19160.058314052,62305.08539,35837.240398268,11059.81312663,28844.569210290996,75741.62274,2011.441756301,0.02655662347,780.952049387,0.01031073829,1.215657153
INDONESIA,LAMPUNG,2023,Mei,80756.817703305,8604.422433685,33748.971242160995,19155.052736502,61508.44641,36322.81005008,11295.574343931,28970.628394974003,76589.01279,2062.261690551,0.02692633859,771.385111113,0.01007174636,1.245178789
INDONESIA,LAMPUNG,2023,Juni,84177.837572334,8496.364485676,34259.106779081,19319.780091595,62075.25136,37357.179147576,13073.500776301002,29065.495357691998,79496.17528,1817.597424559,0.02286396066,763.4564804249999,0.009603688199,1.28064202
INDONESIA,LAMPUNG,2023,Juli,82047.700790578,11151.721876929,34371.88108379301,19183.435347063998,64707.03831,37595.244418153,7313.131443335,29156.420089117004,74064.79595,2006.85878355,0.02709598748,821.470109718,0.01109123571,1.144617307
INDONESIA,LAMPUNG,2023,Agustus,81451.488456752,10452.97342064,34058.524224388995,19543.274491488002,64054.77214,38322.386287365,7515.124571127,29369.880375858003,75207.39123,2037.617831949,0.02709331887,840.41545956,0.01117463916,1.174110667
INDONESIA,LAMPUNG,2023,September,83084.43800253699,10255.595729518,33932.93163605,19725.86274785,63914.39011,38822.87956871,7632.215140245001,29574.995263802,76030.08997,2060.161764403,0.02709666351,812.8670352610001,0.01069138594,1.189561378
INDONESIA,LAMPUNG,2023,Oktober,83470.983255883,10905.540451713,34084.515339569,19610.984252795,64601.04004,38630.890992197994,7776.933333001,29737.750046793997,76145.57437,2048.057805689,0.02689660985,794.580738372,0.01043502193,1.178705085
INDONESIA,LAMPUNG,2023,November,82812.041297153,10977.375022425,34410.882192813,19374.903935831,64763.16115,38423.281745379,7925.64500684,29853.535114484,76202.46187,2046.560369977,0.02685687995,802.8795514020001,0.01053613665,1.176632834
INDONESIA,LAMPUNG,2023,Desember,85177.38421888,8920.01775358,34900.28338648599,19338.16836094,63158.4695,39065.417579071,8480.621907519,29962.494366901,77508.53385,1825.370933869,0.02355058009,836.479306295,0.01079209301,1.227207285
INDONESIA,LAMPUNG,2024,Januari,88066.884404878,10305.234908875,34143.916785532,19656.929624995002,64106.08132,38511.72668782,8589.662869398,33420.435309342,80521.82487,2030.9137376549997,0.02522190401,900.211502511,0.01117972058,1.256071549
INDONESIA,LAMPUNG,2024,Februari,93556.82921717002,10819.484575639,33358.792196316,19425.936723553,63604.2135,38323.479489979,8816.152587857001,30265.312942605,77404.94502,1999.780420246,0.02583530574,916.2309193499999,0.01183685253,1.216978259
INDONESIA,LAMPUNG,2024,Maret,86794.64616760598,10764.682394042,33780.759103546996,19377.334073779,63922.77557,38915.43251646001,8933.842391835,30846.039450502,78695.31436,1969.136468185,0.02502228353,907.121692767,0.01152701022,1.231099771
INDONESIA,LAMPUNG,2024,April,87416.547254006,10388.317230048,34995.877225342,19174.129147662,64558.3236,39343.953150145004,9087.687156856,30892.784194202002,79324.4245,2000.373487082,0.0252176237,936.103377207,0.0118009476,1.228724974
INDONESIA,LAMPUNG,2024,Mei ,87841.867299867,10429.69183187,35052.078850935,19167.256727696,64649.02741,39655.193740449,9300.086690268,31149.317482804996,80104.59791,2002.062692529,0.02499310582,913.68105217,0.01140609997,1.239068879
INDONESIA,LAMPUNG,2024,Juni,89699.770626778,11397.220617722,35981.687161931004,18921.6321607,66300.53994,40488.542317434,9392.019651265,31382.462911327002,81263.02488,1973.704440029,0.02428785346,892.9087989450001,0.01098788533,1.225676668
INDONESIA,LAMPUNG,2024,Juli,89977.329688362,10946.687324428,36707.279376437,18983.496724867,66637.46343,40660.958698571005,9459.062926386,31680.730810654997,81800.75244,1956.582022202,0.02391887561,899.3740176179999,0.01099469126,1.227549013
INDONESIA,LAMPUNG,2024,Agustus,90896.470053756,11293.989748657,36970.107274500995,19172.919963393004,67437.01699,40843.815285022996,9616.494654061999,31982.834915553,82443.14485,2131.134376267,0.02584974627,982.9430550940001,0.01192267783,1.222520635
INDONESIA,LAMPUNG,2024,September,91229.094881588,11776.786003699,37428.89910602601,18986.041716088,68191.72683,40998.17370316,9813.561233707,32319.193451355,83130.92839,2083.673215681,0.02506495785,968.640767608,0.01165199026,1.219076452
INDONESIA,LAMPUNG,2024,Oktober,91283.540952642,12177.135572493,37906.54378939,18691.368406073,68775.04777,40245.22182752001,9972.529827855,32602.797827744,82820.54948,2098.5300174480003,0.02533827692,963.742397384,0.01163651296,1.204223802
INDONESIA,LAMPUNG,2024,November,91323.9812938,11448.264959755,38358.969667121004,18464.039799639,68271.27443,40174.757172574,10133.403087669,32687.675961581,82995.83622,2058.688698795,0.02480472265,916.552284686,0.01104335261,1.215677266
INDONESIA,LAMPUNG,2024,Desember,92106.444442896,9216.248775586,39972.604619169004,18693.744673373,67882.59807,40666.444171336,10226.142181133002,32912.341595713,83804.92795,2139.21378394,0.0255261097,906.575968272,0.01081769283,1.234556872
INDONESIA,JAMBI,2023,Januari,52255.417898125,7526.031530683,24200.139530241002,13541.443509308001,45267.61457,15187.725780785,12141.748214893,20530.710959949,47860.18496,1033.91534906,0.02160282811,425.234180658,0.008884925561,1.057272079
INDONESIA,JAMBI,2023,Februari,52175.18171194899,7572.804889431,23917.499668621,13316.905798699,44807.21036,15350.220826982,12309.064336081,20613.9003255,48273.18549,1077.0258640929999,0.02231105847,446.562428228,0.00925073462,1.077353067
INDONESIA,JAMBI,2023,Maret,52865.142788683006,7443.037972895,23743.894874736998,13428.636912060001,44615.56976,15546.905170218,12544.292252043,20767.598440430997,48858.79586,1078.634510809,0.02207656762,460.045340333,0.009415814127,1.095106397
INDONESIA,JAMBI,2023,April,53375.998282347,7311.728476502,24307.320684912,13166.248914052,44785.29808,15594.207254553,12502.537801736,20804.169820447,48900.91488,1171.7164105010002,0.0239610325,520.982261817,0.01065383466,1.091896604
INDONESIA,JAMBI,2023,Mei,52701.897795393,6831.009587783,23913.373252587,13153.333977729,43897.71682,15760.762320907,12664.143043285,20849.973921617002,49274.87929,1081.975144258,0.02195794612,477.296817599,0.009686412722,1.122492987
INDONESIA,JAMBI,2023,Juni,53573.59202668,6968.013340694,24107.744422112002,13311.782942825,44387.54071,16056.486028368,12803.919359627,20949.418621835,49809.82401,1083.588495453,0.02175451363,479.768847292,0.009632012496,1.122157777
INDONESIA,JAMBI,2023,Juli,53048.272952891995,7237.420050306,24151.541711036003,13623.869501145,45012.83126,15432.549013782998,12150.123453866,21041.6114636,48624.28393,1108.332127616,0.02279379845,477.473175384,0.009819644358,1.080231627
INDONESIA,JAMBI,2023,Agustus,53556.182629354,7209.792495347,24114.899024499002,13460.708089831,44785.39961,15777.929853901,12345.805866751001,21177.994899486002,49301.73062,1123.159284307,0.02278133587,492.527359042,0.009990062273,1.100843825
INDONESIA,JAMBI,2023,September,53763.104271197,7002.211561838,23954.316596288,12829.377114138,43785.90527,15941.652150438,12606.133844823999,21288.973809478,49836.7598,1105.3130912870001,0.02217867084,469.376396145,0.00941827675,1.138191834
INDONESIA,JAMBI,2023,Oktober,55315.902695324,7530.179326177,24213.961611481,14364.436899024,46108.57784,15974.267125486002,12762.841341315001,21422.296750047997,50159.40522,1107.781869929,0.02208522739,517.150051752,0.01031013126,1.087854095
INDONESIA,JAMBI,2023,November,54989.911445032994,6988.20711212,24414.560583629,13325.429334257,44728.19703,16038.621681406,13264.864552232,21521.542071866,50825.02831,1096.380244301,0.02157166028,518.528215087,0.01020222187,1.136308451
INDONESIA,JAMBI,2023,Desember,56894.319263814,6340.884941443,24802.573421491,14338.263510966,45481.72187,16289.788383078001,13397.608007946,21598.963880303,51286.36027,1063.647160274,0.02073937699,514.578423931,0.0100334362,1.12762574
INDONESIA,JAMBI,2024,Januari,59317.396251722,7541.323930272,24489.551476618002,13024.531517884,45055.40692,16428.467422883,13663.683670906,25299.120392385998,55391.27149,1230.953912841,0.02222288602,599.593346008,0.01082469006,1.229403423
INDONESIA,JAMBI,2024,Februari,57815.237001859,7460.414925723,23764.023844364,15328.665925525,46553.1047,16094.752705672,13845.91706006,21766.995769455,51707.66554,1194.473824262,0.02310051734,574.10727213,0.01110294317,1.11072432
INDONESIA,JAMBI,2024,Maret,57368.335763788,7671.575633025,24071.628069738,14569.693855074,46312.89756,16211.218293797,14248.888788601,22070.451041007,52530.55812,1165.652131722,0.02218998186,552.846902074,0.01052429142,1.134253327
INDONESIA,JAMBI,2024,April,56750.190358791,7096.607701682,24502.431182809,14354.952239805,45953.99112,16166.291828657,14324.053797953,22086.686834622,52577.03246,1216.393186497,0.02313544773,580.111986531,0.01103356274,1.144123311
INDONESIA,JAMBI,2024,Mei ,57248.239049237,7702.355602884,24475.18244096,13694.471444837,45872.00949,16387.118573028,14536.148828591999,22222.739930575997,53146.00733,1235.343184848,0.02324432722,561.562472153,0.01056640941,1.158571598
INDONESIA,JAMBI,2024,Juni,58721.109936154,7731.7022907,25320.052875278,12483.537533425999,45535.2927,16372.118998434,14801.830442226,22373.188351548,53547.13779,1197.605057958,0.02236543553,541.154598503,0.01010613491,1.175948031
INDONESIA,JAMBI,2024,Juli,57553.771022594,7322.279860239,25957.416976663,12619.728254704001,45899.42509,16033.795331189,15000.181377631001,22604.316501762,53638.29321,1199.212014386,0.02235738579,555.8991992020001,0.01036384952,1.168604903
INDONESIA,JAMBI,2024,Agustus,57303.516456157995,8212.509596109,25360.779040200003,12486.365753282,46059.65439,15876.889245569,15228.588354038,22754.509147653,53859.98675,1192.173006686,0.02213466951,551.646295206,0.01024222857,1.16935282
INDONESIA,JAMBI,2024,September,58613.791872477006,7393.352496844,26111.937625221,12848.373196953,46353.66332,16437.346428874,15405.810345876002,22898.719557656,54741.87633,1174.909515081,0.02146271911,546.713312762,0.009987113146,1.180961167
INDONESIA,JAMBI,2024,Oktober,59673.587013471006,7559.938825151,26861.136566859,13449.051003228,47870.1264,16717.697338699,15552.279198551,23106.036003972,55376.01254,1174.80461918,0.02121504538,542.3400278199999,0.00979377176,1.156796873
INDONESIA,JAMBI,2024,November,59913.859677276996,7387.410663987,27240.948769841,12836.442852286,47464.80229,16300.235019876,15992.883585081,23207.834442351,55500.95305,1157.980379551,0.02086415306,523.814656923,0.009437939858,1.169307579
INDONESIA,JAMBI,2024,Desember,61138.12354472,6294.366445607,28066.681918857,13976.394810552,48337.44318,16375.223840827999,16027.773531019999,23249.349458483997,55652.34683,1077.307542314,0.01935780975,486.71388512500005,0.00874561295,1.151329966
INDONESIA,BENGKULU,2023,Januari,28925.029040772002,2692.717436602,10297.731562523999,3293.041922552,16283.49092,8267.613062060998,4348.082047962001,13535.382725780999,26151.07784,476.94801249500006,0.018238178,202.14074837899997,0.00772972914,1.60598719
INDONESIA,BENGKULU,2023,Februari,28845.751997384,2643.353768832,10146.908454545,3267.131013677,16057.39324,8303.550360477,4396.640373861999,13593.755237263,26293.94597,512.758464105,0.01950100851,219.469343009,0.008346763291,1.637497792
INDONESIA,BENGKULU,2023,Maret,28987.084509972,2770.516321221,10187.242253883998,3122.118553182,16079.87713,8326.470509406001,4497.756136798001,13680.399133361,26504.62578,489.722486611,0.01847686855,210.283074583,0.007933825451,1.648310218
INDONESIA,BENGKULU,2023,April,29619.805863239002,2849.772137909,10504.586127004,3113.766663256,16468.12493,8340.738060816,4568.928358276,13649.923000943,26559.58942,559.3938086500001,0.02106183947,245.858048584,0.009256846734,1.612787706
INDONESIA,BENGKULU,2023,Mei,29189.853209811998,2596.203589244,10504.833928043001,3162.443587017,16263.4811,8388.032121664999,4690.825212181,13677.06672198,26755.92406,554.1722861810001,0.02071213407,253.356174296,0.009469161811,1.645153573
INDONESIA,BENGKULU,2023,Juni,29240.12026021,2070.030186513,10781.586808988,3199.836432153,16051.45343,8467.427045053999,4637.822283332,13714.758182471,26820.00751,542.4544604670001,0.02022573857,249.993237969,0.009321147202,1.670877197
INDONESIA,BENGKULU,2023,Juli,29978.031262752997,2803.257133789,10863.812255954,3280.025245404,16947.09464,8494.216395652,4729.854544981999,13751.669745274,26975.74069,588.945403215,0.02183240898,227.13003584499998,0.008419788672,1.591761967
INDONESIA,BENGKULU,2023,Agustus,29895.302231798003,2819.996578931,10744.067917876,3395.7597219760005,16959.82422,8488.012213634,4791.762216460001,13806.930498217,27086.70493,607.219766317,0.02241763138,240.938522307,0.008895084247,1.597110004
INDONESIA,BENGKULU,2023,September,29770.661010712996,2672.267078302,10587.668369607001,3436.7570790060004,16696.69253,8501.438274538,4931.906099660001,13840.44165366,27273.78603,555.693677844,0.02037464389,221.593074212,0.008124763976,1.633484355
INDONESIA,BENGKULU,2023,Oktober,30685.635850860002,3192.408195395,10516.099854725,3498.444933775,17206.95298,8532.444424325,5011.210728915999,13908.079438301998,27451.73459,573.234217128,0.02088152992,231.23499836800002,0.008423329229,1.595386157
INDONESIA,BENGKULU,2023,November,30619.898322969002,3003.598432097,10708.23966016,3493.069269415,17204.90736,8636.009005553999,5208.493418433999,13983.04253755,27827.54496,591.38898648,0.02125192816,237.293789296,0.008527298747,1.617419052
INDONESIA,BENGKULU,2023,Desember,31041.868353219998,2468.551123222,11156.347901535,3403.3612802069997,17028.2603,8695.424410554999,5318.353832891,14033.320571612998,28047.09882,548.83713355,0.01956841016,228.787228489,0.00815725113,1.647091266
INDONESIA,BENGKULU,2024,Januari,33169.273316796,2983.538065509,10828.499232175,3599.256475568,17411.29377,8770.705770308,5373.012770251,16416.354163281998,30560.0727,718.663641377,0.02351642446,275.53603264699996,0.009016209985,1.755186783
INDONESIA,BENGKULU,2024,Februari,31093.182797102,3160.658530368,10343.794480617,3526.4728386079996,17030.92585,8683.539150228999,5404.9953134630005,14115.289500098,28203.82396,603.709587672,0.02140523882,251.270880944,0.008909106838,1.656035862
INDONESIA,BENGKULU,2024,Maret,31404.368876222,3241.053837867,10524.738416012,3528.776605538,17294.56886,8655.026041603,5483.945130275,14292.504309433998,28431.47548,557.631784078,0.01961318485,230.018466231,0.008090275384,1.64395399
INDONESIA,BENGKULU,2024,April,31258.170771833,3133.705389391,10807.850122884998,3489.8178320939996,17431.37334,8601.752701771,5514.805716434001,14350.581426416,28467.13984,603.42834287,0.02119736462,257.901600353,0.009059624597,1.633097937
INDONESIA,BENGKULU,2024,Mei ,31301.254670323,3316.414204845,10918.096384673,3470.909105321,17705.41969,8674.425798465,5562.996786801,14432.51348632,28669.93607,584.21355885,0.02037721875,249.02834817,0.008686044766,1.619274582
INDONESIA,BENGKULU,2024,Juni,31500.066626377,3130.262031969,11304.228498866,3533.129883918,17967.62041,8666.809873004,5599.459590939,14557.383097549,28823.65256,561.332303025,0.01947471098,237.21814805299996,0.008229982218,1.604199771
INDONESIA,BENGKULU,2024,Juli,32006.889394768,3319.2063823,11714.000211552,3599.312507305,18632.5191,8680.229875628,5683.632688411,14694.040230038001,29057.90279,529.8903139900001,0.01823566958,232.04232053799998,0.007985515066,1.559526258
INDONESIA,BENGKULU,2024,Agustus,32100.456266371,3165.225604424,11933.393667699002,3807.329092176,18905.94836,8651.306040018,5730.112811768,14816.773321272001,29198.19217,515.157873649,0.01764348527,224.80854122899999,0.007699399329,1.544391829
INDONESIA,BENGKULU,2024,September,32474.283651841,3174.571068363,12112.533258599002,3707.737034835,18994.84136,8715.809730486,5745.0663692220005,15093.763383643,29554.63948,495.012061648,0.01674904754,218.226858132,0.007383844362,1.555929787
INDONESIA,BENGKULU,2024,Oktober,33352.222999995996,3491.832639309,12130.282262801,3840.2510267390003,19462.36593,8690.750545859,5765.741466558,15236.939404885,29693.43142,501.89421684,0.01690253342,218.26433324299998,0.007350593139,1.525684571
INDONESIA,BENGKULU,2024,November,33311.526484656,3172.98980877,12195.525358287,3809.998954126,19178.51412,8704.490374532,5791.132093649,15293.659712104,29789.28218,498.137732191,0.01672204551,217.47405462700002,0.007300412723,1.553263302
INDONESIA,BENGKULU,2024,Desember,33320.602599597,2325.737609709,12682.258475224,3431.600512039,18439.5966,8709.629996796,5734.6590341520005,15397.56099849,29841.85003,445.86886379000003,0.01494105973,190.422154062,0.006381043865,1.618356989
INDONESIA,SUMBAGSEL,2023,Januari,305530.877412991,39598.838674497,132286.985869327,82651.186983009,254537.0115,95906.224273801,52322.63280403799,111780.558441762,260009.4155,8439.988293577002,0.03246031793,2458.4500539459996,0.009455234723,1.021499443
INDONESIA,SUMBAGSEL,2023,Februari,304513.010766775,40892.045192897,130465.662325939,82125.996173722,253483.7037,96081.960386272,52709.634678798,112445.714949815,261237.31,8600.713374462,0.03292299011,2530.1247307520002,0.009685158413,1.030588185
INDONESIA,SUMBAGSEL,2023,Maret,304905.0021777959,42543.483176534,130111.97778107901,81668.84690276202,254324.3079,98704.97230786999,51667.743741383994,113322.53713648599,263695.2532,7164.198876610999,0.02716847873,2484.61079116,0.009422281066,1.03684644
INDONESIA,SUMBAGSEL,2023,April,307942.7129884271,42036.14060407,134041.803683554,81787.05301004,257864.9973,99651.22324720901,51929.253229881004,113290.902960113,264871.3794,7528.869695587001,0.02842462523,2721.3640008469997,0.01027428485,1.027170737
INDONESIA,SUMBAGSEL,2023,Mei,308197.82139218,40347.129211385996,132985.022493678,82377.753585449,255709.9053,100729.50214174998,52632.31007710299,113856.030042766,267217.8423,7576.696993827,0.02835400859,2775.9879676020005,0.01038848284,1.045003876
INDONESIA,SUMBAGSEL,2023,Juni,314431.95520582504,38685.530743608004,134718.797060485,83315.063491758,256719.3913,102544.867381596,54302.773636146,114317.34498807798,271164.986,7101.176451479001,0.02618765998,2694.143475516,0.009935440099,1.056269979
INDONESIA,SUMBAGSEL,2023,Juli,305241.65338624094,42605.06571734799,135274.764000915,75694.217216283,253574.0469,102091.11951311199,48349.95651514499,114841.190102261,265282.2661,7467.144448542001,0.02814792167,2715.1134281480004,0.01023480939,1.046172782
INDONESIA,SUMBAGSEL,2023,Agustus,307908.775149771,42253.008436684,134284.22813206198,76297.203917986,252834.4405,104794.950031237,49247.106167557,115807.36592534599,269849.4221,7684.482263769999,0.02847692688,2844.611472259,0.01054147698,1.06729693
INDONESIA,SUMBAGSEL,2023,September,311601.051123243,42933.910442952,133689.005565828,76222.835350451,252845.7514,106583.791082772,50124.805188427,116706.016735261,273414.613,8143.930353981999,0.02978600984,3051.8069659390003,0.0111618283,1.081349445
INDONESIA,SUMBAGSEL,2023,Oktober,318325.385726637,47117.197416236,134870.837246139,77492.910816714,259480.9455,106694.29081682299,50953.45044296,117600.01682317199,275247.7581,8166.459249471,0.02966948507,3132.890393691,0.01138207416,1.060762892
INDONESIA,SUMBAGSEL,2023,November,318047.0938728491,44934.817334679,136128.272511666,76266.37908979302,257329.4689,107070.94927025301,52438.315180273996,118218.25416334099,277727.5186,8147.662773855999,0.029336894,3035.9639939209997,0.01093144824,1.079268223
INDONESIA,SUMBAGSEL,2023,Desember,321442.99837665696,37812.155832113,138814.265833533,78552.52694685302,255178.9486,107398.509618459,52167.048758453,118797.660065581,278363.2184,7401.845735658999,0.02659060266,2932.780993272,0.01053580645,1.090854947
INDONESIA,SUMBAGSEL,2024,Januari,332282.95899500395,42873.395686025,136019.424323179,76701.45286226999,255594.2729,106174.636590426,52580.26061837,138093.059091547,296847.9563,8383.139374153001,0.02824051571,3023.370487618,0.01018491259,1.161403004
INDONESIA,SUMBAGSEL,2024,Februari,325660.640215032,44298.528242048,132394.898003148,76089.097364436,252782.5236,105017.432180621,53308.000514767,119967.27833512201,278292.711,7972.691418832001,0.02864858152,2924.3144454330004,0.0105080526,1.100917528
INDONESIA,SUMBAGSEL,2024,Maret,320097.873326314,44784.684482797005,134245.050744754,75421.214061071,254450.9493,106289.58802738602,53959.76593264699,121846.21505381301,282095.569,7871.430045249,0.02790341611,2862.665332592,0.01014785643,1.1086442
INDONESIA,SUMBAGSEL,2024,April,321606.510198941,43492.09567502,137145.328951538,75650.125744031,256287.5504,106975.68387392201,54674.451053453005,122170.11845900997,283820.2534,8026.0301005090005,0.02827856717,3009.2114849749996,0.01060252554,1.107428952
INDONESIA,SUMBAGSEL,2024,Mei ,324213.452966287,44401.266655809006,137202.895007287,77399.93078946201,259004.0925,109155.49187837698,55654.29386902,123133.19004615198,287942.9758,8177.530683266,0.02839982695,3046.9804384970003,0.01058188841,1.111731375
INDONESIA,SUMBAGSEL,2024,Juni,332769.58402473293,45603.896384356,140457.272458265,74879.512383452,260940.6812,112781.41178484801,55110.288083766005,124273.866035713,292165.5659,6721.6394135479995,0.02300626836,2848.118575587,0.009748303387,1.11966277
INDONESIA,SUMBAGSEL,2024,Juli,337106.422184527,45290.550343433,143482.38446642802,75023.10765890799,263796.0425,116356.166694634,56266.714081744,125671.846231293,298294.727,6719.2673892739995,0.02252559895,2897.7077920680003,0.009714244101,1.13077787
INDONESIA,SUMBAGSEL,2024,Agustus,338976.165843266,47653.996464184,142784.85044164897,75875.191244794,266314.0382,117008.329996294,56848.071744978006,126614.313599466,300470.7153,6861.024179735,0.02283425249,2949.1546324230003,0.009815115024,1.128257141
INDONESIA,SUMBAGSEL,2024,September,343154.12862869096,48274.99689484401,145170.121449227,75560.19918894401,269005.3175,118093.430464654,57875.111098129,127835.75687373601,303804.2984,6724.031288884999,0.02213277206,2966.6407987409993,0.00976497309,1.129361684
INDONESIA,SUMBAGSEL,2024,Oktober,348343.50824285304,50418.066090347005,147545.52406720398,76271.768460393,274235.3586,118124.23298582801,59263.311963825,129327.32254896102,306714.8675,6817.593622419,0.02222778986,2947.2336098389997,0.009609034064,1.11843662
INDONESIA,SUMBAGSEL,2024,November,348575.978489796,48919.647825528,149530.30387345198,75396.990856518,273846.9426,116468.016783991,60169.70985711,130027.162628244,306664.8893,6800.897969051,0.02217696974,2888.517908106,0.009419134727,1.119840471
INDONESIA,SUMBAGSEL,2024,Desember,350628.082363175,39169.97328691,154706.061570712,75729.310905121,269605.3458,114952.109660587,60672.22078335899,130733.86222245799,306358.1927,6749.314955154,0.02203079636,2748.177547787,0.008970471865,1.136320913
INDONESIA,SUMATERA SELATAN,2025,Januari,134918.015487264,19063.422593397,59059.826174179005,32373.095459027998,110496.3442,43250.337876899,25716.670624585,50251.465129005,119218.4736,2817.659794515,0.02363442266,1054.427795969,0.00884450005,1.078935909
INDONESIA,KEPULAUAN BANGKA BELITUNG,2025,Januari,26929.12620691,4346.333509488,13712.275782089,7803.688865297,25862.29816,5373.688667693999,3444.778152185,9023.931902403001,17842.39872,375.52715129999996,0.0210468983,141.958603815,0.007956251064,0.68989997
INDONESIA,LAMPUNG,2025,Januari,91539.66609302901,11169.84203073,38221.082053727005,18776.136420144,68167.0605,39919.290282417,10201.600623641,33087.57540087301,83208.46631,2269.1826487559997,0.02727105485,936.6845999929999,0.01125708286,1.220655045
INDONESIA,JAMBI,2025,Januari,60379.050996747,7442.803599364,27631.103355986,13039.304433462,48113.21139,16158.172009852,16124.699955413,23259.691271346,55542.56324,1159.507070505,0.02087600937,522.926732481,0.009414882966,1.154413967
INDONESIA,BENGKULU,2025,Januari,33186.090167799,2900.718712814,12287.431701507,3543.6280125860003,18731.77843,8719.239711428001,5733.139286390001,15440.495607831,29892.87461,475.215361885,0.0158972788,199.779406767,0.006683178162,1.595837508
INDONESIA,SUMBAGSEL,2025,Januari,346951.948951749,44923.120445793,150911.719067488,75535.853190517,271370.6927,113420.72854829,61220.888642214006,131063.15931145799,305704.7765,7097.092026961001,0.02321550912,2855.7771390249995,0.00934161766,1.126520972
INDONESIA,SUMATERA SELATAN,2025,Februari,134274.310329365,19173.930135383,59029.785408674,33649.658574402,111853.3741,43173.206175796,25760.192428407,50699.344775125,119632.7434,2852.266927105,0.0238418584,1095.437084717,0.009156666091,1.069549706
INDONESIA,KEPULAUAN BANGKA BELITUNG,2025,Februari,27047.586030677,5110.230044428,13864.228157934002,7293.732950639001,26268.19115,5337.160396427,3440.6298864739997,9086.160885665,17863.95117,376.01244204499994,0.02104867162,144.51528819799998,0.008089771789,0.6800601939
INDONESIA,LAMPUNG,2025,Februari,91177.401505705,11399.666948139,38101.70615541701,18773.768393551003,68275.1415,40267.059912979006,10201.167267716,33390.016082425,83858.24326,2293.612849506,0.027351072,947.677664002,0.01130094821,1.228239758
INDONESIA,JAMBI,2025,Februari,61016.099548194,7950.25771262,27311.832320161,13545.282735842,48807.37277,16468.512206614,16212.739478649,23425.355001565,56106.60669,1174.257390919,0.02092903956,536.985732916,0.00957081108,1.149551871
INDONESIA,BENGKULU,2025,Februari,33263.737617786,3080.544190117,12031.009603284001,3551.4580308639997,18663.01182,8825.107318960001,5768.713392455999,15569.539537645,30163.36025,482.82919163099996,0.01600714203,209.64835193099998,0.006950430927,1.616210745
INDONESIA,SUMBAGSEL,2025,Februari,346779.13503172697,46714.629030687,150338.56164547,76813.90068529801,273867.0914,114071.04601077602,61383.442453702,132170.416282425,307624.9047,7178.978801205999,0.02333679325,2934.2641217640003,0.009538447884,1.12326349
INDONESIA,SUMATERA SELATAN,2019,Desember,99622.829712407,13658.590458847,41396.914689982,31596.846191602,86652.35134,29493.261104371002,19099.643783258998,36271.337813758,84864.2427,2560.4430629629996,0.03017104709,1331.306851694,0.01568748874,0.9793645687
INDONESIA,SUMATERA SELATAN,2020,Desember,100801.641961508,13395.07202645,45359.087833540005,31484.816769834004,90238.97663,28862.986057746002,21429.167313302998,37426.699742804994,87718.85311,3575.0219540539997,0.04075545709,1437.214831562,0.01638433222,0.9720727826
INDONESIA,SUMATERA SELATAN,2021,Desember,111601.106357195,14340.007888583,50021.687357016,36858.495482345,101220.1907,31260.185842166,20927.617088809,38749.214105454,90937.01704,2831.67247784,0.0311388318,877.63580279,0.009651029156,0.8984078807
INDONESIA,SUMATERA SELATAN,2022,Desember,121499.148640905,16996.50245757,53443.421186267005,40419.074968502995,110858.9986,33667.410312844004,21138.456857175,41640.690199469,96446.55737,2889.279606249,0.02995731196,865.623535271,0.008975162607,0.8699930414
INDONESIA,KEPULAUAN BANGKA BELITUNG,2019,Desember,20093.035784398,2336.80380704,9787.134326473,7234.214302114,19358.15244,6223.77258831,1873.533571013,6212.688044939001,14309.9942,579.358854582,0.04048630952,403.056720221,0.02816609947,0.7392231388
INDONESIA,KEPULAUAN BANGKA BELITUNG,2020,Desember,20402.758766525,2244.111813241,10556.341942041001,6912.902826226,19713.35658,4457.111441344,1837.812824802,6482.691709577,12777.61598,422.18171775499997,0.03304072673,232.36839172700002,0.01818558268,0.648170489
INDONESIA,KEPULAUAN BANGKA BELITUNG,2021,Desember,25814.396958888,4119.183777336,13495.131723361,7222.38341083,24836.69891,4511.889823105,1919.523375058,6945.7948432719995,13377.20804,405.316435052,0.03029903054,200.176263919,0.01496397928,0.5386065229
INDONESIA,KEPULAUAN BANGKA BELITUNG,2022,Desember,27273.636895014,5189.946288888,14034.572244993,7222.219958164999,26446.73849,4922.274991646999,2474.021275775,7416.407916544,14812.70418,582.011129452,0.03929134898,180.18394695199999,0.01216414942,0.5600956877
INDONESIA,LAMPUNG,2019,Desember,72379.10551328599,13585.00528597,13585.00528597,13585.00528597,40755.01586,28361.603680032,11771.392100255,25756.347221568,65889.343,1764.223186363,0.02677554679,930.958023576,0.01412911377,1.616717393
INDONESIA,LAMPUNG,2020,Desember,70462.960569862,7542.0311442639995,7542.0311442639995,7542.0311442639995,22626.09343,29743.878345185,11423.404745428,26861.450944566997,68028.73404,1652.6944686620002,0.02429406474,579.312852423,0.008515708261,3.006649568
INDONESIA,LAMPUNG,2021,Desember,76962.566756429,8362.566629189,33551.858620755,17043.743206173,58958.16846,32763.230757276,11479.49076547,27522.806242476003,71765.52777,3272.708939258,0.04560279902,757.8455369469999,0.01056002179,1.217227903
INDONESIA,LAMPUNG,2022,Desember,81276.15152988599,8124.518509312,34945.479976435,18659.755879798,61729.75437,35871.614639513,12072.053905132001,28542.930981405,76486.59953,3171.066871833,0.04145911691,705.265170258,0.009220767751,1.239055627
INDONESIA,JAMBI,2019,Desember,45998.933080455,4783.560888834,18095.477096992,11392.780916696,34271.8189,12980.326248995,9476.049679642001,18422.062216676,40878.43815,1195.248496866,0.02923909403,676.3770125799999,0.0165460581,1.192771188
INDONESIA,JAMBI,2020,Desember,46606.589670459,4932.853282497,20589.709165701,13468.109232693001,38990.67168,14313.774966477999,9960.269432195,19064.127399559,43338.1718,1189.592887559,0.02744907868,443.873028911,0.01024208015,1.111501032
INDONESIA,JAMBI,2021,Desember,49924.860018566,7245.507013693,23774.769252162,12644.428506344,43664.70477,15059.927362739001,10494.469444331,19789.112934547,45343.50974,991.85858679,0.02187432319,411.081885486,0.009065947648,1.038447643
INDONESIA,JAMBI,2022,Desember,52417.812061053,7820.765785003,25361.331076109,12112.734911719,45294.83177,15579.493778086999,12121.730813611,20539.683605812,48240.9082,999.2267961910001,0.02071326668,409.27997173299997,0.008484085127,1.06504222
INDONESIA,BENGKULU,2019,Desember,23043.006644939,1483.885835323,8129.530713971,2922.7001700379997,12536.11672,5364.3442957180005,3366.208172613,12220.206565096,20950.75903,356.88342322000005,0.0170343911,216.251154725,0.01032187685,1.671231969
INDONESIA,BENGKULU,2020,Desember,24777.585418355,1261.977521652,9186.161776553,3401.7115922850003,13849.85089,6445.670675033,3078.343605741,13070.570413853,22594.58469,326.11763140100004,0.01443344216,169.13147467899998,0.007485487207,1.63139552
INDONESIA,BENGKULU,2021,Desember,26617.335790196,2194.306897632,10668.909271222,3682.3205437919996,16545.53671,7702.609385667,3436.67926624,13268.962946782998,24408.2516,349.84056838299995,0.01433288111,168.51216765100003,0.006903901616,1.475216672
INDONESIA,BENGKULU,2022,Desember,30024.235175418995,2473.024634495,11122.584900004,3322.704394505,16918.31393,8464.424952094,4357.828285297,13560.474858594,26382.7281,394.89816290999994,0.01496805643,185.968627182,0.00704887783,1.559418285
INDONESIA,SUMBAGSEL,2019,Desember,261136.91073548497,29089.719917698,104094.862201509,69591.383486413,202775.9656,82423.307917426,45586.827306782,98882.641862037,226892.7771,6456.157023994,0.02845466086,3557.9497627959995,0.01568119448,1.118933284
INDONESIA,SUMBAGSEL,2020,Desember,263051.536386709,28883.523833148996,115646.50551594,71968.20790492499,216498.2373,83823.42148578599,47728.997921468996,102905.54021036101,234457.9596,7165.608659431,0.0305624457,2861.9005793020006,0.0122064552,1.082955513
INDONESIA,SUMBAGSEL,2021,Desember,290920.26588127395,36261.572206433004,131512.356224516,77451.37114948401,245225.2996,91297.84317095298,48257.77993990801,106275.891072532,245831.5142,7851.397007322999,0.03193812247,2415.2516567929997,0.009824825205,1.002472072
INDONESIA,SUMBAGSEL,2022,Desember,312490.984302277,40604.757675268,138907.389383808,81736.49011269,261248.6372,98505.218674185,52164.09113699,111700.18756182402,262369.4974,8036.482566635,0.03063039967,2346.321251396,0.008942812617,1.004290396
INDONESIA,SUMATERA SELATAN,2025,Februari,134274.310329365,19173.930135383,59029.785408674,33649.658574402,111853.3741,43173.206175796,25760.192428407,50699.344775125,119632.7434,2852.266927105,0.0238418584,1095.437084717,0.009156666091,1.069549706
INDONESIA,KEPULAUAN BANGKA BELITUNG,2025,Februari,27047.586030677,5110.230044428,13864.228157934002,7293.732950639001,26268.19115,5337.160396427,3440.6298864739997,9086.160885665,17863.95117,376.01244204499994,0.02104867162,144.51528819799998,0.008089771789,0.6800601939
INDONESIA,LAMPUNG,2025,Februari,91177.401505705,11399.666948139,38101.70615541701,18773.768393551003,68275.1415,40267.059912979006,10201.167267716,33390.016082425,83858.24326,2293.612849506,0.027351072,947.677664002,0.01130094821,1.228239758
INDONESIA,JAMBI,2025,Februari,61016.099548194,7950.25771262,27311.832320161,13545.282735842,48807.37277,16468.512206614,16212.739478649,23425.355001565,56106.60669,1174.257390919,0.02092903956,536.985732916,0.00957081108,1.149551871
INDONESIA,BENGKULU,2025,Februari,33263.737617786,3080.544190117,12031.009603284001,3551.4580308639997,18663.01182,8825.107318960001,5768.713392455999,15569.539537645,30163.36025,482.82919163099996,0.01600714203,209.64835193099998,0.006950430927,1.616210745
INDONESIA,SUMBAGSEL,2025,Februari,346779.13503172697,46714.629030687,150338.56164547,76813.90068529801,273867.0914,114071.04601077602,61383.442453702,132170.416282425,307624.9047,7178.978801205999,0.02333679325,2934.2641217640003,0.009538447884,1.12326349
