Jumlah Bulan Laporan,10,Unnamed: 2,Unnamed: 3,Unnamed: 4,Unnamed: 5,Unnamed: 6,Unnamed: 7,Unnamed: 8,Unnamed: 9,Unnamed: 10,Unnamed: 11,Unnamed: 12,Unnamed: 13,Unnamed: 14,Unnamed: 15,Unnamed: 16,Unnamed: 17,Unnamed: 18,Unnamed: 19,Unnamed: 20
,2025,,,,,,,,,,,,,,,,,,,
,PROVINSI SUMATERA SELATAN,,,,,,,,,,,,,,,,,,,
,KAB. BANYUASIN,KAB. EMPAT LAWANG,KAB. LAHAT,KAB. MUARA ENIM,KAB. MUSI BANYUASIN,KAB. MUSI RAWAS,KAB. MUSI RAWAS UTARA,KAB. OGAN ILIR,KAB. OGAN KOMERING ILIR,KAB. OGAN KOMERING ULU,KAB. OGAN KOMERING ULU SELATAN,KAB. OGAN KOMERING ULU TIMUR,KAB. PENUKAL ABAB LEMATANG ILIR,KOTA LUBUK LINGGAU,KOTA PAGAR ALAM,KOTA PALEMBANG,KOTA PRABUMULIH,All,,
ADMINISTRASI PEMERINTAHAN DAN KEBIJAKAN EKONOMI DAN SOSIAL,,,,,,,,,,,,,,,,3000000000,,3000000000,,
"ADMINISTRASI PEMERINTAHAN, PERTAHANAN DAN JAMINAN SOSIAL WAJIB",,,,,,,,,,,,,,,,,,,,
AKTIVITAS AGEN PERJALANAN BUKAN WISATA,,,,,,,,,,,,,,,,,,,,
AKTIVITAS AGEN PERJALANAN WISATA,,,,236595528,,,,,360624463,680528316,,,,150475326,78263328,4881805659,96356651,6484649271,,
AKTIVITAS ARSITEKTUR DAN KEINSINYURAN; ANALISIS DAN UJI TEKNIS,,,,228804809,,,,,,677454874,,,,1362469982,109915754,8467660650,,10846306069,,
AKTIVITAS BADAN INTERNASIONAL DAN BADAN EKSTRA INTERNASIONAL LAINNYA,,,,,,,,,,,,,,,,,,,,
AKTIVITAS BIRO PERJALANAN WISATA,,,,,,,,,,,,,,,,198257404,,198257404,,
"AKTIVITAS HIBURAN, SENI DAN KREATIVITAS LAINNYA",,,331985813,94426411,176944218,,,,285594267,928705376,10682641,,70999670,1516891772,535075893,14966113425,14816244736,33733664222,,
AKTIVITAS HOSTING DAN YBDI,,,61511649,,,,,,,,,,,46722606,,85210344,,193444599,,
AKTIVITAS HUKUM DAN AKUNTANSI,,,,,,,,,,112570873,,,,418767133,201342647,3531544238,,4264224891,,
AKTIVITAS JASA INFORMASI LAINNYA YTDL,,,,294350666,,,,,,213921846,,,,,,2211682128,,2719954640,,
"AKTIVITAS JASA KEUANGAN LAINNYA YTDL, BUKAN ASURANSI DAN DANA PENSIUN",,,,,,,,,,,,,,,,37348390364,,37348390364,,
AKTIVITAS JASA LAINNYA,,,,,,,,,,,,,,,,,,,,
AKTIVITAS JASA PENUNJANG USAHA YTDL,583107822,54167322,42210407,226740923,864944770,37611962,,136434956,2349298158,1862684092,,27557720,,20749758746,1052705674,142570114571,13848134775,184405471898,,
AKTIVITAS JASA PERORANGAN LAINNYA YTDL,,,44047879152,71308188883,61673071503,,,,89608303806,118943686757,,,,75826013308,50214242110,719056753257,49771338646,1280449477422,,
AKTIVITAS KANTOR BERITA,,,,,,,,,,,,,,,,,,,,
AKTIVITAS KESEHATAN HEWAN,,,,119154939,,,,,,5440575288,,,,,,1159605323,,6719335550,,
AKTIVITAS KESEHATAN MANUSIA DAN AKTIVITAS SOSIAL,,,,,,,,,,,,,,,,,,,,
AKTIVITAS KETENAGAKERJAAN,,,,418399787,,,,,,,,,,,,38996388322,,39414788109,,
AKTIVITAS KEUANGAN DAN ASURANSI,,,,,,,,,,,,,,,,,,,,
AKTIVITAS KONSULTASI KOMPUTER DAN MANAJEMEN FASILITAS KOMPUTER,,,,,,,,,,10976514,,,,,68427608,4562463418,,4641867540,,
AKTIVITAS KONSULTASI MANAJEMEN LAINNYA,,,,,,,,,,,,,,,,,,,,
AKTIVITAS KONSULTASI PARIWISATA,,,,,,,,,,,,,,,61084500,1809882825,,1870967325,,
AKTIVITAS OLAHRAGA DAN REKREASI LAINNYA,,,,,,,,,208249964,,,,,2943758855,,17633477616,164639359,20950125794,,
"AKTIVITAS ORGANISASI BISNIS, PENGUSAHA DAN PROFESI",,,,,,,,,51734985,720865208,,,,,,6843779010,224956868,7841336071,,
AKTIVITAS ORGANISASI BURUH,,,,,,,,,22304140,,,,,58130018,,,,80434158,,
AKTIVITAS ORGANISASI LAINNYA,,,,,,,,,,108428979,,,,,,2846353758,,2954782737,,
AKTIVITAS PANTI PIJAT & SPA,,,,,,,,,,,,,,,,628540722,,628540722,,
AKTIVITAS PELAYANAN KESEHATAN MANUSIA LAINNYA,,,246839986,871944457,1842269654,,,,4251551638,1406947719,,,,3390906710,1640373223,24450669561,2306596368,40408099316,,
AKTIVITAS PEMROGRAMAN KOMPUTER,,,,,,,,,,,,,,,,197339617,,197339617,,
AKTIVITAS PENERBITAN,,,,,,,,,,,,,,,,,,,,
AKTIVITAS PENGOLAHAN DATA,,,,,,,,,,,,,,,,223886130,,223886130,,
AKTIVITAS PENUNJANG ANGKUTAN,,100000000,1083908852,1315627729,1029659208,,,,2389956722,2917671537,,,452555594,2162401543,796802596,326092442308,2955290149,341296316238,,
AKTIVITAS PENUNJANG ASURANSI DAN DANA PENSIUN,,,,,,,,,,,,,,,,429040762,,429040762,,
AKTIVITAS PENUNJANG JASA KEUANGAN LAINNYA,,,591378488,102799404,154683393,,,,421391828,983677474,,,,180000000,,4060030202,100000000,6593960789,,
AKTIVITAS PENUNJANG PERTAMBANGAN DAN PENGGALIAN LAINNYA,,,,,,,,,,,,,,,,23065602975,917533248,23983136223,,
AKTIVITAS PENUNJANG PERTAMBANGAN MINYAK BUMI DAN GAS ALAM,,,,,419441581,,,,1500000000,,,,,,11743421,7079887765,,9011072767,,
AKTIVITAS PENYEWAAN DAN SEWA GUNA USAHA TANPA HAK OPSI ALAT TRANSPORTASI AIR,,,,150000000,,,,,74265326,933486440,,,,,,65268092070,,66425843836,,
AKTIVITAS PENYEWAAN DAN SEWA GUNA USAHA TANPA HAK OPSI ALAT TRANSPORTASI DARAT BUKAN KENDARAAN BERMOTOR RODA EMPAT ATAU LEBIH,,,,3102282953,,,,,,,,,,,,124733354347,1293400319,129129037619,,
AKTIVITAS PENYEWAAN DAN SEWA GUNA USAHA TANPA HAK OPSI ALAT TRANSPORTASI UDARA,,,,,,,,,,,,,,44124975,,,,44124975,,
AKTIVITAS PENYEWAAN DAN SEWA GUNA USAHA TANPA HAK OPSI BARANG PRIBADI DAN RUMAH TANGGA,,119999280,468093184,481628740,332693493,,,67796523,2936607165,662714344,23071010,,43857886,525703971,88330950,8565641518,174920849,14491058913,,
AKTIVITAS PENYEWAAN DAN SEWA GUNA USAHA TANPA HAK OPSI MESIN DAN PERALATAN KONSTRUKSI DAN TEKNIK SIPIL,,,395751930,4783522487,1630713554,,,,1525900944,,,952090491,,1782473863,,594721924700,13894127499,619686505468,,
AKTIVITAS PENYEWAAN DAN SEWA GUNA USAHA TANPA HAK OPSI MESIN KANTOR DAN PERALATANNYA,,,,,,,,,,,,,,20845189,29071381,671792402,,721708972,,
AKTIVITAS PENYEWAAN DAN SEWA GUNA USAHA TANPA HAK OPSI MESIN PERTANIAN DAN PERALATANNYA,620087944,254526640,,,612179950,,148008596,,1442566865,250722009,,871410977,,,664955334,18762070161,,23626528476,,
"AKTIVITAS PENYEWAAN DAN SEWA GUNA USAHA TANPA HAK OPSI MESIN, PERALATAN DAN BARANG BERWUJUD LAINNYA YTDL",129925875,,10298996,2551519433,171509577,14003000,,117505761,259371899,57892653,,,114985761,196450749,154401673,66790572084,371781852,70940219313,,
"AKTIVITAS PENYEWAAN DAN SEWA GUNA USAHA TANPA HAK OPSI MOBIL, BUS, TRUK DAN SEJENISNYA",,39569235,6061925252,19045811889,733534238,,,24916795,1421969613,4888781503,,,,4764128999,803582545,329443053200,4475903371,371703176640,,
"AKTIVITAS PENYEWAAN DAN SEWA GUNA USAHA TANPA HAK OPSI, KETENAGAKERJAAN, AGEN PERJALANAN DAN PENUNJANG USAHA LAINNYA",,,,,,,,,,,,,,,,,,,,
AKTIVITAS PENYIARAN DAN PEMROGRAMAN,,,,,,,,,,,,,,,,819563495,,819563495,,
AKTIVITAS PEREKAMAN SUARA DAN PENERBITAN MUSIK,,,,,,,,,,,,,,,,,,,,
AKTIVITAS POS DAN KURIR,,,338219913,492298367,,,,,,114426081,,,,,74801489,2440384906,1063125286,4523256042,,
AKTIVITAS PRAKTIK DOKTER DAN DOKTER GIGI,141344908,121344839,609542543,464743563,165077120,,,,1494666703,379729597,,,,5036278702,80538045,13186286503,737142230,22416694753,,
"AKTIVITAS PRODUKSI GAMBAR BERGERAK, VIDEO DAN PROGRAM TELEVISI",,,,41079789,,,,,,185494951,,,,,,887122926,,1113697666,,
"AKTIVITAS PROFESIONAL, ILMIAH DAN TEKNIS",,,,,,,,,,,,,,,,,,,,
"AKTIVITAS PROFESIONAL, ILMIAH DAN TEKNIS LAINNYA",,,,,,,,,,,,,,3160099935,,35864874208,1870666819,40895640962,,
AKTIVITAS REMEDIASI DAN PENGELOLAAN SAMPAH LAINNYA,,,46847653,913706008,25895627,,,,112985712,47174387,,,,114581735,27866571,1982835369,311644790,3583537852,,
AKTIVITAS RUMAH SAKIT,364652650,1062874867,4526730439,3400287890,2170577143,570756490,49461674,703818727,11700565854,12183111505,202444071,295134444,,96319969880,1731709396,262395960023,20612042994,418290098047,,
AKTIVITAS RUMAH TANGGA SEBAGAI PEMBERI KERJA DARI PERSONIL DOMESTIK,,,687982518,52137018,259792648,,,,212337275,582814319,,21684304,,1483647242,389858781,135845672792,168486853,139704413750,,
AKTIVITAS RUMAH TANGGA SEBAGAI PEMBERI KERJA; AKTIVITAS YANG MENGHASILKAN BARANG DAN JASA OLEH RUMAH TANGGA YANG DIGUNAKAN UNTUK MEMENUHI KEBUTUHAN SENDIRI,,,,,,,,,,,,,,,,,,,,
,,,,,,,,,,,,,,,,,,,,
AKTIVITAS SOSIAL DI DALAM PANTI,,,9333115816,796869690,244734787,,,,1703687000,244475095,,,,2192486397,335130833,22781001537,1175246717,38806747872,,
AKTIVITAS TELEKOMUNIKASI LAINNYA YTDL,,,,,,,,,300000000,,,,,,,6379098587,,6679098587,,
ANGKUTAN BUS BERTRAYEK,,,508828320,4154265840,87573362,,,,1597486481,17998681347,,,,3400229756,4381455628,37003950820,7441264762,76573736316,,
ANGKUTAN BUS PARIWISATA,44541778,,,9791555567,,,,,,24042612062,,,,,,36050242879,533071566,70462023852,,
ANGKUTAN BUS TIDAK BERTRAYEK LAINNYA,,,,1050000000,,,,,,,,,,883107063,,48494112932,845229221,51272449216,,
"ANGKUTAN DARAT BUKAN BUS UNTUK PENUMPANG, BERTRAYEK",,,,,,,,,,,,,,,,4802196083,174322566,4976518649,,
ANGKUTAN DARAT LAINNYA UNTUK PENUMPANG,,,1763475463,521144379,398906288,,,,786333923,85278071,,,,20388877344,1663456733,118907022146,25690487758,170204982105,,
ANGKUTAN DARAT UNTUK BARANG,,,24932661511,42220211411,2522983341,43857886,47213327,385988192,25947383226,6008832754,52747425,,34236005,6239057523,9386433456,578741009398,14320591931,710883207386,,
ANGKUTAN JALAN REL,,,3245147617,791259404,309571057,,,,1393395891,219871085,,,,271053413,3565644813,13574834698,1499827478,24870605456,,
ANGKUTAN JALAN REL LAINNYA,,,,,,,,,,,,,,,,,,,,
ANGKUTAN JALAN REL WISATA,,,,,,,,,,,,,,,,,,,,
ANGKUTAN LAUT DALAM NEGERI LAINNYA UNTUK PENUMPANG,,,,,,,,,,,,,,,,293351787,,293351787,,
ANGKUTAN LAUT DALAM NEGERI UNTUK BARANG,,,,,,,,,,,,,,,,542417226555,,542417226555,,
ANGKUTAN LAUT DALAM NEGERI UNTUK PENUMPANG,,,,,,,,,,,,,,,,,,,,
ANGKUTAN LAUT DALAM NEGERI UNTUK WISATA,,,,,17166649,,,,,,,,,,,124274418713,,124291585362,,
ANGKUTAN LAUT LUAR NEGERI UNTUK BARANG,,,,,,,,,,,,,,,,18742531408,,18742531408,,
ANGKUTAN LAUT LUAR NEGERI UNTUK PENUMPANG,,,,,,,,,35620973,24450862,,,,,,,,60071835,,
ANGKUTAN MELALUI SALURAN PIPA,,,,,,,,,,,,,,,,900000000,,900000000,,
ANGKUTAN PENYEBERANGAN UNTUK PENUMPANG,,,,,,,,,,130963480,,,,,,219693574,,350657054,,
ANGKUTAN SUNGAI DAN DANAU UNTUK WISATA DAN YBDI,44684290,,,3734500000,190404699,,,,91206880,47435170,,,,,,15614899822,56777347,19779908208,,
"ANGKUTAN SUNGAI, DANAU DAN PENYEBERANGAN UNTUK BARANG",,,,,,,,,,,,,,,,16582650997,,16582650997,,
ANGKUTAN UDARA BERJADWAL UNTUK PENUMPANG,,,,,,,,,,,,,,,,11538461538,,11538461538,,
ANGKUTAN UDARA TIDAK BERJADWAL UNTUK PENUMPANG,,,,,,,,,,,,,,,,,,,,
ANGKUTAN UDARA UNTUK BARANG,,,,,,,,,,,,,,,,,,,,
ANGKUTAN UDARA UNTUK PENUMPANG LAINNYA,,,,,,,,,,,,,,,,,,,,
"ASURANSI, REASURANSI DAN DANA PENSIUN, BUKAN JAMINAN SOSIAL WAJIB",,,,,,,,,,,,,,,,774515050,,774515050,,
BUDIDAYA BIOTA AIR PAYAU LAINNYA,,292158516,,313014700,,,,,148852116,10411884898,,,,5659556072,11902641,6596942979,297913615,23732225537,,
BUDIDAYA BIOTA AIR PAYAU UDANG,,,,,,,,,,,,,,,,97082558,,97082558,,
BUDIDAYA BIOTA AIR TAWAR UDANG,,,,,,,,,,49986540,,,,21284622,,3378494824,,3449765986,,
BUDIDAYA BIOTA LAUT RUMPUT LAUT,,,,,996185,,,,30918365,,,,,32156234,149539619,161518550,58496414,433625367,,
BUDIDAYA BIOTA LAUT UDANG,,,,,,,,,,,,,,,,759444815,,759444815,,
BUDIDAYA IKAN AIR TAWAR DI MEDIA LAINNYA,400000000,145614416,,589400594,187802567,148149526,,122691979,1024072046,18781175190,12551229,771763830,,20248658509,97634579,13937614456,191052567,56658181488,,
BUKAN LAPANGAN USAHA LAINNYA,,,,54174918653,276174641,,,11964077,78923118354,195134363245,,,15744657450,28348137458,,1371385950230,1537463872,1745536747980,,
EKSTRAKSI GARAM,,,,,,,,,,,,,,,,,,,,
HOTEL BINTANG,,,914787314,,1120994993,,,,,,,,,33782867949,,528121085916,71009803923,634949540095,,
HOTEL MELATI,,,,1746489059,1265196126,,,,2523547657,971519011,355014952,,,1532691921,337037511,22331981114,3068669098,34132146449,,
INDUSTRI ALAS KAKI,,,,,113403538,,,,,,,,,,,1129341507,,1242745045,,
INDUSTRI ALAT ANGKUTAN LAINNYA YTDL,,,,,29592843,,,271170045,694698677,,,,,,,986918985,,1982380550,,
"INDUSTRI ALAT POTONG, PERKAKAS TANGAN DAN PERALATAN UMUM",,,482622938,137726649,1111076125,92442910,,2763714436,4608954594,351042243,,,5919926,305805864,976141311,8911379086,241694520,19988520602,,
INDUSTRI ALAT UKUR WAKTU,,,,,,,,,,,,,,,,80842862,,80842862,,
"INDUSTRI ALAT UKUR, ALAT UJI, PERALATAN NAVIGASI DAN KONTROL",,,199978833,146963411,,,,,82358864,441655071,,,,,,,,870956179,,
INDUSTRI BAHAN BAKAR DAN MINYAK PELUMAS HASIL PENGILANGAN MINYAK BUMI,,,,,,,,,,,,,,332688708,,15464941084,,15797629792,,
INDUSTRI BAHAN BANGUNAN DARI TANAH LIAT/KERAMIK,,,233845024,2359301782,4865264663,,,,3730361856,18745057762,,,,5217780736,120010978,33022642342,1023799909,69318065052,,
INDUSTRI BARANG DARI BATU,,,853872541,3999995437,2204473105,,,13497515,64644520,176251466,,,,7662425258,423961583,14644359923,2486277965,32529759313,,
INDUSTRI BARANG DARI KARET LAINNYA,,,,,,,,,57693658,65786950,,,,,,1275469527,,1398950135,,
INDUSTRI BARANG DARI KERTAS DAN PAPAN KERTAS LAINNYA,,,,,,,,,,,,,,,,850000701,,850000701,,
INDUSTRI BARANG DARI PLASTIK,,,299838368,79134381,,55895252,,71634000,,134435926,,,,,65294326,99964050317,133197111,100803479681,,
INDUSTRI BARANG GALIAN BUKAN LOGAM LAINNYA YTDL,,,,,,,,114856206,,,,,,,,554869404,,669725610,,
INDUSTRI BARANG KIMIA LAINNYA YTDL,,,,349714391,,,,,,12777165,,,,,,17060850253,,17423341809,,
"INDUSTRI BARANG LAINNYA DARI KAYU; INDUSTRI BARANG DARI GABUS DAN BARANG ANYAMAN DARI JERAMI, ROTAN, BAMBU DAN SEJENISNYA",,,736751256,413520723,1301325480,76610559,8968490,,5444475010,3063269532,,,,4450644922,1937755891,15551757721,491331904,33476411488,,
INDUSTRI BARANG LOGAM LAINNYA YTDL,,,216359588,104513028,,,,91229871,313916388,1874439312,,133698096,,,,16026728966,72409598,18833294847,,
"INDUSTRI BARANG LOGAM SIAP PASANG UNTUK BANGUNAN, TANGKI, TANDON AIR DAN GENERATOR UAP",,,,28152157,1600000000,,,,1527740495,36828632,,,,92904386,73116555,10510881202,99133012,13968756439,,
INDUSTRI BARANG PORSELEN BUKAN BAHAN BANGUNAN,,,,,,,,,,,,,,0,61626448,,,61626448,,
INDUSTRI BARANG TANAH LIAT/KERAMIK BUKAN BAHAN BANGUNAN,,,,1186780222,51218378,501112350,68640442,,,4644585052,,126598862,,,69332184,11284593067,251972637,18184833194,,
INDUSTRI BATU BATERAI DAN AKUMULATOR LISTRIK,,,,,,,,,,,,,,,31698923,992066590,,1023765513,,
"INDUSTRI BUBUR KERTAS, KERTAS DAN PAPAN KERTAS",,,,,,,,,28679680,,,,,,,4346875323678,,4346904003358,,
"INDUSTRI CAT DAN TINTA CETAK, PERNIS DAN BAHAN PELAPISAN SEJENISNYA DAN LAK",,,,,,,,,66523563,,,,,,,4156083717,,4222607280,,
"INDUSTRI FARMASI, PRODUK OBAT KIMIA DAN OBAT TRADISIONAL",,,191667539,163386954,41867662,,,,277487860,597371374,,,,218500837,303306228,3507820092,,5301408546,,
INDUSTRI FURNITUR,1482782,622582380,663788282,3682005147,1073847829,358259064,,1289324090,861720756,3833999345,165459392,52092452,206579879,1320473829,1324157949,99951182366,1160418417,116567373959,,
INDUSTRI GULA,,,,,18077806,,,,51019176,130513976,,,,182749718,,1698444684,,2080805360,,
INDUSTRI KABEL DAN PERLENGKAPANNYA,,,,,,,,,,,,,,,,3538317674,,3538317674,,
INDUSTRI KACA DAN BARANG DARI KACA,,,,,,,,,,,,,,,,15359123,,15359123,,
"INDUSTRI KAKAO, COKELAT DAN KEMBANG GULA",,,,,,,,,,,,,,,,,,,,
INDUSTRI KARET REMAH (CRUMB RUBBER),,,,,,,,26995480,,,,,,,,974804212232,,974831207712,,
INDUSTRI KAROSERI KENDARAAN BERMOTOR RODA EMPAT ATAU LEBIH DAN INDUSTRI TRAILER DAN SEMI TRAILER,,,,,,,,,1888308529,138345197,,,,,,5666602245,449536399,8142792370,,
"INDUSTRI KAYU LAPIS, VENEER DAN SEJENISNYA",244668534,43296516,973123115,27300911,141491730,,,,115736207,286965139,,,,5257366326,198168454,20798318091,4609010,28091044033,,
INDUSTRI KECAP,,,,,,,,,,,,,,,,4675227030,,4675227030,,
INDUSTRI KENDARAAN BERMOTOR RODA EMPAT ATAU LEBIH,,,89829536,,7492213,,,,,49461674,,,,,,654297454,,801080877,,
INDUSTRI KERTAS DAN PAPAN KERTAS BERGELOMBANG DAN WADAH DARI KERTAS DAN PAPAN KERTAS,,,,,45598093,,,,524482125,15221603,,,,,,152869375,,738171196,,
INDUSTRI KIMIA DASAR,,,22143222,60860958,,,,92442910,,6987487,,,,,,279181830,,461616407,,
INDUSTRI KOMPONEN DAN PAPAN ELEKTRONIK,,,,,,,,,175826034,,,,,,12637762,1481785284,,1670249080,,
INDUSTRI KOMPUTER DAN PERLENGKAPANNYA,,,,,,,,182746814,,,,,,,427850000,,,610596814,,
"INDUSTRI KOMPUTER, BARANG ELEKTRONIK DAN OPTIK LAINNYA",,,,,,,,,,624564793,,,,,,2980818915,134363598,3739747306,,
"INDUSTRI KOPRA, TEPUNG & PELET KELAPA",,,,,,,,,55146123,,,,,,,1649162730,,1704308853,230472835092.0,43734880373.0
"INDUSTRI KULIT DAN BARANG DARI KULIT, TERMASUK KULIT BUATAN",,,,92691195,,,,,,,,,,,,614353824,,707045019,,
INDUSTRI LOGAM DASAR BESI DAN BAJA,,34509460,283940905,813931823,1026255189,,,7917870,3449128519,267920751,,,125393508,1377692559,464592652,39023933564,121759399,46996976199,,
INDUSTRI LOGAM DASAR MULIA DAN LOGAM DASAR BUKAN BESI LAINNYA LAINNYA,,32970619,,,,,,24174309,6631570566,,,212137336,,,70708070,18554891150,34411198,25560863248,,
INDUSTRI LOKOMOTIF DAN GERBONG KERETA,,,,,,,,,8362059,,,,,,,,,8362059,,
INDUSTRI MAKANAN HEWAN,,,87941637,232173965,361167471,,,208105818,377379544,432877317,,,,2502642405,499495061,293911270131,1072126252,299685179601,,
"INDUSTRI MAKARONI, MIE DAN PRODUK SEJENISNYA",,,,,127618596,,,,,132219708,276204096,,,69563454,81863733,7107516423,24200886,7819186896,,
INDUSTRI MESIN KEPERLUAN KHUSUS LAINNYA,,,,,429835817,,,,,233334412,,,,34725114,,959379914,,1657275257,,
"INDUSTRI MESIN PENAMBANGAN, PENGGALIAN DAN KONSTRUKSI",,,,2819444446,,,,,,,,,,,,20767098733,,23586543179,,
"INDUSTRI MESIN PENGOLAHAN MAKANAN, MINUMAN DAN TEMBAKAU",,,235513073,54574848,200502846,,,,413235729,34476425,,,,62139356,104317222,8775269815,86652347,9966681661,,
INDUSTRI MESIN PERTANIAN DAN KEHUTANAN,,,,,166733344,,,,484851887,897331264,,,,753660383,383172572,565464021,,3251213471,,
"INDUSTRI MESIN TEKSTIL, PAKAIAN JADI DAN PRODUK KULIT",,,,,51245252,,,,69864754,,,,,,,1029191258,,1150301264,,
INDUSTRI MESIN UNTUK KEPERLUAN UMUM,,,,,,,,,,,,,,,100000000,366402743,,466402743,,
INDUSTRI MINUMAN,,,71189639,71120514,,,,65775729,536320991,456246588,,166848335,,3555466440,57547517,36852280589,1685143756,43517940098,,
INDUSTRI MINYAK ATSIRI,,,,,,,,,,,,,,,,32705730,,32705730,,
INDUSTRI MINYAK DAN LEMAK NABATI DAN HEWANI,,,,,,,,,,,,,,,,21824880222,,21824880222,,
INDUSTRI MINYAK MENTAH DAN LEMAK NABATI DAN HEWANI LAINNYA,,,,,,,,,,,,,,25270073,58684970,195310527964,,195394483007,,
INDUSTRI MINYAK MENTAH KELAPA & MINYAK GORENG KELAPA,,,,,,,,,,,,,,,,42030571520,,42030571520,,
INDUSTRI MINYAK MENTAH/MURNI KELAPA SAWIT (CRUDE PALM OIL) DAN MINYAK GORENG KELAPA SAWIT,,,11957697,64663844,62718321,,,,264584731,,,,,34439566418,24678033,527742621543,,562610790587,,
"INDUSTRI MOTOR LISTRIK, GENERATOR DAN TRANSFORMATOR",,,,,62827990,,,,,4495635,,,,,,1032450148,,1099773773,,
INDUSTRI PAKAIAN JADI DAN BARANG DARI KULIT BERBULU,,,26554352,,14895768,,,,435762000,,,,,718149551,8433039,343059461,90742800,1637596971,,
"INDUSTRI PAKAIAN JADI DAN PERLENGKAPANNYA, BUKAN PAKAIAN JADI DARI KULIT BERBULU",,,408883583,2276311556,2422330837,28881478,,698851138,2992285268,3277303446,,406771822,,1060015380,1195480842,21040889176,685108408,36493112934,,
INDUSTRI PAKAIAN JADI RAJUTAN DAN SULAMAN/BORDIR,,,,,,,,,190602228,7810976,,119712963,,87880467,3531370,1518939064,,1928477068,,
INDUSTRI PATI DAN PRODUK PATI (BUKAN BERAS DAN JAGUNG),,,39208893,,,,,,,,,,,461401809,100707103,121330450651,,121931768456,,
INDUSTRI PEMBUATAN KAPAL DAN PERAHU,,,,,,,,,258353379,,,,,,,34969883782,,35228237161,,
"INDUSTRI PEMINTALAN, PENENUNAN DAN PENYELESAIAN AKHIR TEKSTIL",,,,81056898,12903442,42376340,146072024,1115724886,4672218625,46226907,,,,103960920,15392022,4031049646,26968353,10293950063,,
INDUSTRI PENCETAKAN DAN KEGIATAN YBDI,,,828306694,400774097,1689985590,65927798,,17831392,1525403775,2112903324,,,,1805791540,1813596086,28672010105,532241846,39464772247,,
INDUSTRI PENGASAPAN KARET,,,,,35880651,,,,17477482,126073521,,,,34395215,,,,213826869,,
INDUSTRI PENGECORAN BESI DAN BAJA,,,,,125177859,,,,35574139,,,,,,,1184836143,,1345588141,,
INDUSTRI PENGECORAN LOGAM BUKAN BESI DAN BAJA,,,,,,,,,238123362,,,,,45144366,,9191653,,292459381,,
"INDUSTRI PENGGERGAJIAN DAN PENGAWETAN KAYU, ROTAN, BAMBU DAN SEJENISNYA",,50943523,248122541,1299705965,618098329,,11839969,209683812,3043450048,923199663,47516894,10558695,335370577,1206034061,1443652871,7683351147,763184129,17894712224,,
INDUSTRI PENGGILINGAN BERAS DAN JAGUNG DAN INDUSTRI TEPUNG BERAS DAN JAGUNG,,126630116,654135927,819542138,208370636,,,83026951,11056851351,282515895540,35662923,2529267465,,1463499053,9012516944,1626268982628,47458034,1934821839706,,
INDUSTRI PENGGILINGAN SERELIA DAN BIJI-BIJIAN LAINNYA (BUKAN BERAS DAN JAGUNG),,116005640,71026734,808179071,153887593,,,220468509,100539222,3113250811,26307200,364122502,,647102294,1551927360,3854557497,,11027374433,,
INDUSTRI PENGOLAHAN,,,,,,,,,,,,,,,,,,,,
INDUSTRI PENGOLAHAN DAN PENGAWETAN DAGING,,20845584,1911268754,279371034,590968008,,,322125920,683978248,1392672743,,,,514650734,959285747,15235042917,724394005,22634603694,,
INDUSTRI PENGOLAHAN DAN PENGAWETAN IKAN DAN BIOTA AIR,,43898334,,278050781,95223722,,,15223291,1719209710,,,,,128120675,363284095,19484309078,145954413,22273274099,,
INDUSTRI PENGOLAHAN DAN PENGAWETAN LAINNYA BUAH-BUAHAN DAN SAYURAN,,98149090,94800700,1279363305,479637763,,104310854,,339751764,418623451,,144132070,,190026413,321818538,2694700546,72094710,6237409204,,
INDUSTRI PENGOLAHAN KOPI,,275955648,856068124,729655461,123340657,,,41034962,684932424,1199183075,77910530,7585495,,421372708,1057344166,6911518804,268507971,12654410025,,
INDUSTRI PENGOLAHAN LAINNYA,45080010,1102096480,365892058,1995347763,1515558901,858224047,33981024,2861021361,3163532421,10956524774,,822646366,,3199283585,1187987830,137479606649,5967534725,171554317994,,
"INDUSTRI PENGOLAHAN SUSU, PRODUK DARI SUSU DAN ES KRIM",,,39945802,20513722,,,,,,,,,,,54038413,419778479,,534276416,,
INDUSTRI PENGOLAHAN TEH,,,,,,,,,,,,,,,259507961,,,259507961,,
INDUSTRI PENGOLAHAN TEMBAKAU LAINNYA,,,,,,,,,,,,,,,,144005789,73998296,218004085,,
INDUSTRI PENGOLAHAN URANIUM DAN BIJIH URANIUM,,,,,,,,,,,,,,,,,,,,
INDUSTRI PERALATAN AUDIO DAN VIDEO ELEKTRONIK,,,,,,,,,,,106719060,,,170986165,6735524,23798588,,308239337,,
INDUSTRI PERALATAN FOTOGRAFI DAN INSTRUMEN OPTIK BUKAN KACA MATA,,,,356501473,108601051,,,,152219607,9355429,,,,114648464,228406555,326643131,,1296375710,,
"INDUSTRI PERALATAN IRADIASI, ELEKTROMEDIKAL DAN ELEKTROTERAPI",,,,,,,,,,,,,,,,,,,,
INDUSTRI PERALATAN KOMUNIKASI,,,,,,,,,,,,,,,,160753184,,160753184,,
INDUSTRI PERALATAN LISTRIK LAINNYA,,,,,22341765,,,,17247347,13179552,,,,55894816,,3284600390,,3393263870,,
INDUSTRI PERALATAN PENERANGAN LISTRIK (TERMASUK PERALATAN PENERANGAN BUKAN LISTRIK),,,,,,,,,,,,,,,,237174947,,237174947,,
INDUSTRI PERALATAN PENGONTROL DAN PENDISTRIBUSIAN LISTRIK,,,,,,,,,,,,,,,,2223176449,,2223176449,,
INDUSTRI PERALATAN RUMAH TANGGA,,,658813063,1797193019,283214935,85767054,,341183978,392577134,158296315,,,16311754,652510412,112808584,4102631355,86366408,8687674011,,
INDUSTRI PESAWAT TERBANG DAN PERLENGKAPANNYA,,,,,,,,,,,,,,,,,,,,
INDUSTRI PESTISIDA DAN PRODUK AGROKIMIA LAINNYA,,,,,,,,,,,,,,,,3919330621,,3919330621,,
INDUSTRI PLASTIK DAN KARET BUATAN DALAM BENTUK DASAR,,,,50812216,123064295,,,27689535,185406492,384095869,,,,138128988,,27416955383,186758639,28512911417,,
INDUSTRI PRODUK DARI BATU BARA,,,,4175000400,,,,,,,,12935860,,,,396770713,40379135,4625086108,,
INDUSTRI PRODUK MAKANAN LAINNYA,79551030,,412585443,1026308733,1717895668,5279107,,762631793,1869992117,2798839142,,,15393496,1768960332,4244737879,122379656801,215888449,137297719990,,
INDUSTRI PRODUK PENGILANGAN MINYAK BUMI LAINNYA,,,,,,,,,,,,,,,,75375649,,75375649,,
INDUSTRI PRODUK ROTI DAN KUE,73146945,,,20901829,311177445,,,167220454,758064688,430088418,,110868058,11552426,5458976239,1164898779,25419829320,3063572098,36990296699,,
INDUSTRI PUPUK DAN BAHAN SENYAWA NITROGEN,,52614730,,,,,,71326026,,41283329,,,,241038256,76016154,3272874268928,,3273356547423,,
INDUSTRI REMILLING KARET,,,,,,,,,,,,,,,,1803124534,,1803124534,,
INDUSTRI ROKOK DAN PRODUK TEMBAKAU LAINNYA,,,,,,,,290249994,,,,,,,,,,290249994,,
"INDUSTRI SABUN DAN DETERJEN, BAHAN PEMBERSIH DAN PENGILAP, PARFUM DAN KOSMETIK",,,,,,,,,,512650141,,,,25957727185,,393712033,,26864089359,,
"INDUSTRI SEMEN, KAPUR DAN GIPS",15933337,,,684384965,,73998230,,3110789,1000000000,90999491,,,,8628629635,318223139,378396734772,659355059,389871369417,,
INDUSTRI SEPEDA MOTOR RODA DUA DAN TIGA,10682641,382477531,71830479,,30718368,,,174136608,98981548,27746132,,,,294072409,119484127,989843467,66874068,2266847378,,
INDUSTRI SERAT BUATAN,,,,,,,,,,,,,,,,,150117578,150117578,,
INDUSTRI SUKU CADANG DAN AKSESORI KENDARAAN BERMOTOR RODA EMPAT ATAU LEBIH,,,,876600178,21350376,,,63489165,1959688077,40043727,,,,,150052033,807908379,831615771,4750747706,,
INDUSTRI TEKSTIL LAINNYA,,,,114511933,183306642,,,124509093,2677551226,190124808,,,15125560,48318898385,4716018,6564951735,,58193695400,,
INDUSTRI TEMPE & TAHU KEDELAI,,74901752,1855745198,2132437536,1537632305,127352145,,92442910,2286182391,3933340228,,4198914,114704093,3975487665,2721400096,12367788720,2251685981,33475299934,,
INFORMASI DAN KOMUNIKASI,,,,,,,,,,,,,,,,,,,,
"INSTALASI SISTEM KELISTRIKAN, AIR (PIPA) DAN INSTALASI KONSTRUKSI LAINNYA",1250000000,,,,,,1114881079,41960902,,,,,,388579580,,48668997018,1300000000,52764418579,,
JAMINAN SOSIAL WAJIB,,,,,,,,,,,,,,,,,,,,
JASA BUDIDAYA IKAN AIR PAYAU,,,,,,,,,,,,,,,,17312042,,17312042,,
JASA BUDIDAYA IKAN AIR TAWAR,,,,6045221,,,,,84228706,93880404,,,,2696135728,76278116,6521808444,,9478376619,,
JASA BUDIDAYA IKAN LAUT,,,,,,,,,,,,,,,,67243567,,67243567,,
JASA IMPRESARIAT BIDANG SENI,,,,,,,,,,,,,,,,815329100,,815329100,,
JASA NILAI TAMBAH TELEPONI & JASA MULTIMEDIA,,,154943590,,,,,,4639115282,387049913,,,,159595112,158437461,19392199202,174945626,25066286186,,
JASA PENANGKAPAN IKAN DI LAUT,,,,,36007867,3565383317,,237619238,,264383004,,26812241,,59340639,730003360,974077822,485972026,6379599514,,
JASA PENANGKAPAN IKAN DI PERAIRAN UMUM,,,1111379516,511552437,1678020852,,,,1934777258,2141271238,,,,3539411738,1062409787,9960645649,230672028,22170140503,,
JASA PENUNJANG KEHUTANAN,,,,,,,,,,,,,,,28425366,80477100066,,80505525432,,
JASA PENUNJANG PERTANIAN DAN PASCA PANEN,,,1177892739,888010552,3115797319,125886372,,23583148,2341241814,10268617329,,2073388816,,10645512586,5940969409,137546230664,1219334740,175366465488,,
JASA RESERVASI LAINNYA DAN KEGIATAN YBDI,,,,,,,,,,,,,,,,2344252599,,2344252599,,
KAWASAN INDUSTRI,,,,,,,,,,,,,,,,70373323298,,70373323298,,
KAWASAN PARIWISATA,,,,,,,,,943176184,,,,,,,566534059,,1509710243,,
KEGIATAN PENUKARAN VALUTA ASING (MONEY CHANGER),,,,,,,,,1880367,,,,,,,,,1880367,,
KEGIATAN PENUNJANG PENDIDIKAN,,,,,,,,,,,,,,,,1109124413,,1109124413,,
"KESENIAN, HIBURAN DAN REKREASI",,,,,,,,,,,,,,,,,,,,
KETENAGALISTRIKAN LAINNYA,,,,5000000000,,,,,2000000000,,,,,43762226,,109322991759,,116366753985,,
KETENAGALISTRIKAN PEDESAAN,,,,,,,,,,1000000000,,,,,,1505000000,,2505000000,,
KONSTRUKSI,,,,,,,,,,,,,,,,,,,,
KONSTRUKSI BANGUNAN ELEKTRIKAL DAN KOMUNIKASI LAINNYA,255000000,3714746989,,,,,,,,,,,962652788,1363547423,,71398551668,,77694498868,,
KONSTRUKSI BANGUNAN LISTRIK PEDESAAN,,1184485652,,684440638,780814444,,,,,,,,,,2000000000,88589276805,,93239017539,,
KONSTRUKSI BANGUNAN PELABUHAN BUKAN PERIKANAN,,,,,,,,,,,,,,,,75104726844,,75104726844,,
KONSTRUKSI BANGUNAN SIPIL LAINNYA YTDL,329062812,2779072139,108880589,5665386241,3500482253,702550187,5341819793,289439956,2383384458,1498917243,1463359760,877521576,2405328553,7245953901,8317918138,202064069920,26827961777,271801109296,,
KONSTRUKSI GEDUNG INDUSTRI,,,,,1508567831,,,,,,,,,,,8393891895,,9902459726,,
KONSTRUKSI GEDUNG LAINNYA,,,,196066492,4160945649,,,,,,,,,,,199806280640,843949828,205007242609,,
KONSTRUKSI GEDUNG PERBELANJAAN LAINNYA,,,1754515019,,1500000000,,,,,,,,,1181007462,3138154771,147497516860,,155071194112,,
KONSTRUKSI GEDUNG PERBELANJAAN PASAR INPRES,,,688954507,,,,,,,,,,,,754296870,2577249749,,4020501126,,
KONSTRUKSI GEDUNG PERKANTORAN,232807939,1739696064,367199398,,,931793943,4382687404,103878142,799717397,,492562835,278915625,1394831768,841608006,1620330779,40466772300,240211606,53893013206,,
KONSTRUKSI GEDUNG TEMPAT TINGGAL LAINNYA,3511758245,1681836513,478460030,3729364238,3355681364,2275265819,805842028,290440387,6480366449,1172836606,2157469136,,9609178736,4236642154,1836734896,135681776485,7746753528,185050406614,,
KONSTRUKSI JALAN RAYA LAINNYA,2069290312,12233088775,2415956189,675466436,378338348,2229455352,,6381062703,11288295391,295830017,8201867658,12246565048,14380318408,9584724033,19161655212,111750954866,8706296283,221999165031,,
KONSTRUKSI JALAN RAYA SELAIN TOL,,,,,,,,,,887300000,,,,,6412242459,155346150105,,162645692564,,
KONSTRUKSI JALAN REL DAN JEMBATAN REL,,,,,,,,,735483244,,,,,7478344228,,2293525196,,10507352668,,
KONSTRUKSI JALAN TOL,,,,,,,,,,,,,2511792267,,,29342513198,,31854305465,,
KONSTRUKSI JARINGAN ELEKTRIKAL DAN TELEKOMUNIKASI LAINNYA,,,,,,,,,,,,,,,,25035877771,200431848,25236309619,,
KONSTRUKSI JARINGAN IRIGASI,,3318590737,1861802092,,1000000000,3203395628,,312279728,1142325416,2352483261,238800000,,339609450,5854559684,30253412110,440737959837,563469897,491178687840,,
KONSTRUKSI JEMBATAN DAN JALAN LAYANG,,1480753352,15186,430525438,782213448,3618624256,,293986180,4355636397,1315848209,227417828,,341457830,3298600694,7330767651,78332027835,,101807874304,,
KONSTRUKSI KHUSUS LAINNYA YTDL,83007316,,648767273,4399116268,53414790,,,,583319879,137805844,,,,7525000000,497500000,329527020499,45690837614,389145789483,,
"KONSTRUKSI PERUMAHAN MENENGAH, BESAR, MEWAH (TIPE DIATAS 70)",,,,,,,,,,444696962,,,,,,151791251241,,152235948203,,
KONSTRUKSI PERUMAHAN SEDERHANA BANK TABUNGAN NEGARA,,,,,,,,,500000000,,,,,,,203043505032,,203543505032,,
KONSTRUKSI PERUMAHAN SEDERHANA LAINNYA TIPE 22 S.D. 70,,,,8018300117,502864767,,,,1548750000,2679943747,,,,2528987347,,374109161362,1105186171,390493193511,,
KONSTRUKSI PERUMAHAN SEDERHANA LAINNYA TIPE S.D. 21,,,,,362000000,,,,1797919605,,,,,2263888889,,15899820078,,20323628572,,
KONSTRUKSI PERUMAHAN SEDERHANA PERUMNAS,,,1000000000,4500000000,21563226,,,,995000000,,,,,100541878,46763990,10557881141,,17221750235,,
Lainnya Tidak Terdefinisi,,,,,,,,,,,,,,,,,,,,
MUSEUM DAN OPERASIONAL BANGUNAN DAN SITUS BERSEJARAH,,,,,,,,,,,,,,,,,,,,
PEMBENIHAN IKAN AIR TAWAR,220821413,1310464915,3948258,571468497,72326710,4181617867,,610465733,117107326,15875583390,,6314017116,,5378478279,205330160,44372558124,198577973,79432765761,,
PEMBIBITAN DAN BUDIDAYA KERBAU PERAH,,,,,,,,,,,,,,,,,,,,
PEMBIBITAN DAN BUDIDAYA KERBAU POTONG,,,,,,,,,,,,,,,,,,,,
PEMBIBITAN DAN BUDIDAYA SAPI PERAH,,,146856152,986636175,12586109,,,,1067583761,29013803685,,,,232030349,742704632,23415888943,120990914,55739080720,,
PEMBIBITAN DAN BUDIDAYA SAPI POTONG,2574243266,1934577048,1380505802,1010662294,883776226,799716991,,62839517,8243163446,22246218001,50000000,12039900301,,4957234502,4392690331,36087330664,490670425,97153528814,,
PENANGKAPAN BIOTA AIR LAINNYA DI LAUT,2361358,,98941951,,395752113,,,,480123158,2578921975,,,,2620804506,20748082,11344595759,932984987,18475233889,,
PENANGKAPAN BIOTA AIR LAINNYA DI PERAIRAN UMUM,,,,,,,,,,,,,,,,,,,,
PENANGKAPAN CRUSTACEA LAINNYA DI LAUT,,,32166577,,,,,,283631081,,,,,,,105980115,,421777773,,
PENANGKAPAN IKAN LAINNYA,813100131,,,,83372350,,,,538228217,,,,,506461888,5395615,1883509921,,3830068122,,
PENANGKAPAN IKAN TUNA,,,,,,,,,,,,,,,,,,,,
PENANGKAPAN PISCES/IKAN BERSIRIP DI PERAIRAN UMUM,31677165,,,78760599,,,,,31929055,3780130500,,2247271,,19273575,,5510977983,,9454996148,,
PENANGKAPAN UDANG LAUT,,,,,,,,,,,,,,,,1289551490,,1289551490,,
PENCETAKAN LAHAN SAWAH,,,12482587,24337802,,,,,12741880090,49995756,,,3334940137,69704377,,483151353,,16716492102,,
PENDIDIKAN,,,,,,,,,,,,,,,,,,,,
PENDIDIKAN DASAR DAN PENDIDIKAN ANAK USIA DINI,,,,10228587,,,,,,94577558,,,,4043214424,,27342943507,3100567102,34591531178,,
PENDIDIKAN LAINNYA,365373242,,115560210,739786984,198654200,,,,1551865244,1169206646,243470364,,,5846685302,277411439,158084180151,453418006,169045611788,,
PENDIDIKAN MENENGAH,,,,,,,,,1536098274,3640644980,,,,398627237,315204027,49139155864,,55029730382,,
PENDIDIKAN TINGGI,,,2197212896,,,,,,,2873147301,,,,,,87191161141,58333348,92319854686,,
PENELITIAN DAN PENGEMBANGAN ILMU PENGETAHUAN ALAM DAN ILMU TEKNOLOGI DAN REKAYASA,,,,,,,,,,,,,,,,,,,,
PENELITIAN DAN PENGEMBANGAN ILMU PENGETAHUAN SOSIAL DAN HUMANIORA,,,,,,,,,,,,,,,,,,,,
PENGADAAN DAN DISTRIBUSI GAS ALAM DAN BUATAN,,,1289803207,314179270,1448676612,,,,7953243718,506435310,,,,6625273724,309845159,9036600340,259776902,27743834242,,
"PENGADAAN LISTRIK, GAS, UAP/AIR PANAS DAN UDARA DINGIN",,,,,,,,,,,,,,,,,,,,
"PENGADAAN UAP/AIR PANAS, UDARA DINGIN DAN PRODUKSI ES",,,,,,,,,,,,,,,,,,,,
PENGANGKUTAN DAN PERGUDANGAN,,,,,,,,,,,,,,,,,,,,
PENGELOLAAN AIR,,,243023640,250535257,709807395,,,,1097482651,794839057,668621875,,479119301,39184744,,160876636800,132449380,165291700100,,
PENGELOLAAN AIR LIMBAH,178795895,107255596,,,,,,,,,,,,16240405,,154058046,,456349942,,
"PENGELOLAAN AIR, PENGELOLAAN AIR LIMBAH, PENGELOLAAN DAN DAUR ULANG SAMPAH, DAN AKTIVITAS REMEDIASI",,,,,,,,,,,,,,,,,,,,
PENGELOLAAN DAN DAUR ULANG SAMPAH,,,104055507,,,,,,,,,161320690,,,,845352466,,1110728663,,
"PENGGALIAN BATU, PASIR DAN TANAH LIAT",,,5524175696,606571406,1606601780,,49461674,,2228362528,9570183703,,29564826,,3962679234,135822952,67623096387,920082888,92256603074,,
PENGUSAHAAN HASIL HUTAN BUKAN KAYU,,,,23105442,45062867,,,,,69729660,,,,,,92872405,,230770374,,
PENGUSAHAAN HUTAN ALAM,,,,,,,,,,,,,,2138720,,60405911,,62544631,,
PENGUSAHAAN HUTAN TANAMAN,,,,,,,,,,4845370,,,,,29375734,2601897583,51780158,2687898845,,
PENGUSAHAAN PEMBIBITAN TANAMAN KEHUTANAN,,,,,,,,,,,,,,,,,,,,
PENGUSAHAAN TENAGA PANAS BUMI,,,,,,,,,,,,,,,,,,,,
PENYEDIAAN AKOMODASI DAN PENYEDIAAN MAKAN MINUM,,,,,,,,,,,,,,,,,,,,
PENYEDIAAN AKOMODASI LAINNYA,194116464,148206610,6401225079,15920029127,4698484240,316261144,,293857886,5133894429,12998538550,177040313,,100000000,2009388678,4752383521,474731250630,6060208414,533934885085,,
"PENYEDIAAN LAYANAN UNTUK MASYARAKAT DALAM BIDANG HUBUNGAN LUAR NEGERI, PERTAHANAN, KEAMANAN DAN KETERTIBAN",,,,,,,,,,,,,,,,,,,,
PENYEDIAAN MAKANAN DAN MINUMAN LAINNYA,,106304160,24458541405,10468915673,1150440709,,300000000,,4042595921,4392191050,4830660,9785965,,2895121723,894028426,106518250553,10300485887,165541492132,,
PENYELENGGARA KONVENSI DAN PAMERAN DAGANG,,,,,,,,,,,,,,,,,,,,
PENYELESAIAN KONSTRUKSI BANGUNAN,,,12994726973,,,,,,,,,,,,,9521259227,,22515986200,,
PENYEWAAN ALAT KONSTRUKSI DENGAN OPERATOR,,,,,,,,,,,,,,,,79660212942,,79660212942,,
PENYIAPAN LAHAN LAINNYA DAN PEMBONGKARAN,,,,199941223,278641728,,,322745131,347103809,251319661,600000000,,,4780975731,,91516817136,,98297544419,,
PENYIAPAN TANAH PEMUKIMAN TRANSMIGRASI (PTPT),,,,,,,,,40937665,,,,,,178794602,,,219732267,,
PERANTARA MONETER,,,,,,,,,,,,,,,,28713796779,,28713796779,,
"PERBURUAN, PENANGKAPAN DAN PENANGKARAN TUMBUHAN/ SATWA LIAR",,,,,,,,,24277749,,,,,814800474,,17121759,892058969,1748258951,,
PERDAGANGAN BESAR ALAS KAKI,,,,,,,,,,,,,,,,21247935477,,21247935477,,
"PERDAGANGAN BESAR ALAT LABORATORIUM, FARMASI DAN KEDOKTERAN",,,,,,,,6038564,409679883,,130081204,139054398,,772872039,168259544,93100920615,1056460523,95783366770,,
PERDAGANGAN BESAR ATAS DASAR BALAS JASA (FEE) ATAU KONTRAK,,,276128147,36058196237,18865159,,,,31879462855,62656463,,,,7632567834,3060240963,234596042929,28456571658,342040732245,,
"PERDAGANGAN BESAR BAHAN BAKAR PADAT, CAIR DAN GAS DAN PRODUK YBDI",,,7980971819,5371859758,5589371258,,,,13944722486,9827389981,,,,21542063500,5490912776,531475123873,6920953175,608143368626,,
PERDAGANGAN BESAR BAHAN KONSTRUKSI DARI KAYU,,,,,,,,,,,,,,,,13940252485,96566320,14036818805,,
PERDAGANGAN BESAR BAHAN MAKANAN DAN MINUMAN HASIL PERTANIAN LAINNYA,14800488,403989807,,,254552438,933434479,36943655,,292994209,1356092877,,13552384,59201697,13521715664,1188668224,261441079536,35956724033,315473749491,,
PERDAGANGAN BESAR BAHAN MAKANAN DAN MINUMAN HASIL PETERNAKAN DAN PERIKANAN LAINNYA,,,,1864670681,,,,,730245830,1235519959,,,,422210985,,27618059712,2771661552,34642368719,,
PERDAGANGAN BESAR BARANG BEKAS DAN SISA-SISA TAK TERPAKAI (SCRAP),,,,,,,,,524540274,1038030818,,,,619121631,,11103508297,2032324843,15317525863,,
PERDAGANGAN BESAR BARANG KEPERLUAN RUMAH TANGGA LAINNYA,,,5945441513,11545664829,1626084693,177463920,,,11191940294,4686611245,67658962,,,14634995239,1326300246,597262137806,7756421520,656220720267,,
PERDAGANGAN BESAR BERAS,,166162047,3577739893,5583619126,1362507380,,,,23323417669,58924377654,,2926652524,,3713859971,9078684115,268655696322,1711125687,379023842388,,
PERDAGANGAN BESAR BERBAGAI MACAM MATERIAL BANGUNAN,59941185,,18863186346,9736565083,4251325635,293418090,,349725959,57133158862,30166385723,,,,34078098382,931154302,1031420257725,33915355308,1221198572600,,
PERDAGANGAN BESAR BINATANG HIDUP,,455474,2094298479,906370833,277692980,,,,5393901599,12303694486,,,,12956077396,272120800,42512364911,315535081,77032512039,,
PERDAGANGAN BESAR BUAH YANG MENGANDUNG MINYAK,121807170,560373938,75254950,,1970830001,382892524,796599389,,1272303660,5960296177,,,135996820,7409926826,369889791,106716905921,575343446,126348420613,,
PERDAGANGAN BESAR DAN ECERAN; REPARASI DAN PERAWATAN MOBIL DAN SEPEDA MOTOR,,,,,,,,,,,,,,,,,,,,
PERDAGANGAN BESAR GULA,,,,,11129788,,,,,,,,,64952016,,1572362482,,1648444286,,
PERDAGANGAN BESAR HASIL KEHUTANAN DAN PERBURUAN LAINNYA,,73599336,44231710,,,,,,1500000000,408791772,,,,10120649333,,10872630745,966211276,23986114172,,
PERDAGANGAN BESAR HASIL PERIKANAN,,,2302180376,5715503148,2657713353,94878164,,,22114760781,18509675534,,,,19420565044,5080131876,57492872832,5364464041,138752745149,,
PERDAGANGAN BESAR HASIL PERTANIAN DAN HEWAN HIDUP LAINNYA,12041100,448249316,16710951593,15409779473,13578462190,,,,38172508792,31523380545,,,,27085816112,85387621726,112308235765,14371378038,355008424650,,
PERDAGANGAN BESAR JAGUNG,51570103,,256360833,,,,,,70343329,19696087772,76222196,,,307294805,628842564,30328905872,479928469,51895555943,,
PERDAGANGAN BESAR KERTAS DAN KARTON,,,,,,,,,,,,,,,,302815385,3087342954,3390158339,,
PERDAGANGAN BESAR KOPI,,1024140182,4776385312,10309324056,,,,,1701621220,13151819637,285000000,,,13019656166,25511171244,13827731783,3507598500,87114448100,,
PERDAGANGAN BESAR KULIT DAN KULIT JANGAT,,,,,,,,,,44882447,,,,,,,,44882447,,
PERDAGANGAN BESAR LOGAM DAN BIJIH LOGAM,,,,,2081762017,,,,24367338556,2147650842,,,,1568798227,,220726062496,994947143,251886559281,,
PERDAGANGAN BESAR MAKANAN DAN MINUMAN LAINNYA,,,7240585274,981800908,6355502667,,,,17552755757,26500271471,,25934420,,76086936373,3905085935,541214193982,25430023669,705293090456,,
"PERDAGANGAN BESAR MESIN, PERALATAN DAN PERLENGKAPANNYA",,181329130,2836013738,,3158946609,,,,949580534,1019909355,,,,4607823621,15606719,313632518959,3919677034,330321405699,,
PERDAGANGAN BESAR MINYAK DAN LEMAK NABATI,,,,,203218738,,,,,426516838,,,,2000000000,,60675241513,,63304977089,,
PERDAGANGAN BESAR PADI DAN PALAWIJA LAINNYA,,878671198,460000000,123309718,,60718642,,,5485969426,7130974922,,149101992,,85116402,1105911675,7563879731,147440773,23191094479,,
PERDAGANGAN BESAR PAKAIAN,,,53248679,,41011096,,,,1123983043,302647719,,,,201686967,10434995,1276676663,687976226,3697665388,,
PERDAGANGAN BESAR PRODUK LAINNYA YTDL,,,118157642,13339640,311933938,,,,4304593374,4496033192,,,,9865751935,507236871,224076389015,20263869839,263957305446,,
PERDAGANGAN BESAR PUPUK DAN PRODUK AGROKIMIA,,,4343548170,1438563270,2433630619,576843262,49833920,,29486452979,48916414981,367650869,1379646154,116727810,8112483774,7780434629,155447775852,6232129494,266682135783,,
PERDAGANGAN BESAR ROKOK DAN TEMBAKAU,,,44294010,8299708761,75870325,,,,30856478,717174071,,,,,62987662,16707189239,86835462,26024916008,,
PERDAGANGAN BESAR TEH,,,,233639618,,,,,,,,,,,,,,233639618,,
PERDAGANGAN BESAR TEKSTIL,,,,214419991,131474777,335114565,,131457218,,,,,,365794732,,15359305469,104593541,16642160293,,
"PERDAGANGAN BESAR TEKSTIL, PAKAIAN DAN ALAS KAKI LAINNYA",,,1721032039,2477886152,2383260383,,,,3053094916,4025803784,,,,4750670616,910849191,33294805965,2923249385,55540652431,,
PERDAGANGAN BESAR TEMBAKAU RAJANGAN,,,33923478,301695262,,,,,137601663,164878395,,,,255567072,62830195,834478848,90485216,1881460129,,
PERDAGANGAN BESAR UDANG OLAHAN,,,,,,,,,,,,,,,,90783579,,90783579,,
PERDAGANGAN BIJI KELAPA SAWIT,,22217126,25524606880,14798455804,46256929883,,,,70954662047,17360136812,,,,108932945331,334349734,225216994232,5762015123,515163312972,,
PERDAGANGAN CENGKEH,,,,,,,,,,1204550660,,,,,,517352586,,1721903246,,
PERDAGANGAN ECERAN BAHAN BAKAR BUKAN BAHAN BAKAR UNTUK KENDARAAN BERMOTOR DI TOKO,35346724,172107550,5453877188,5151551147,743327222,,,8968490,2434519877,14934880877,,236066749,,19105277016,2406641020,203016210391,1125799260,254824573511,,
PERDAGANGAN ECERAN BARANG KERAJINAN DAN LUKISAN DI TOKO,3487085,90057758,476467637,1349150550,1833427793,63561840,166663778,126504276,3509548822,1306763340,46916595,202855753,,1396960588,1631009509,21967158201,1153693473,35324226998,,
PERDAGANGAN ECERAN BERBAGAI MACAM BARANG YANG DIDOMINASI OLEH BARANG BUKAN MAKANAN DAN TEMBAKAU DI TOKO,,,3425299090,5058340795,1002479524,20309262,,,10592060644,43632364446,,,,41522054602,476870051,585686536940,21693994658,713110310012,,
"PERDAGANGAN ECERAN BUKAN DI TOKO, KIOS, KAKI LIMA DAN LOS PASAR LAINNYA",,67111414,1592318798,463069317,2300336445,,,66485512,5790939804,1629128778,560641812,5949286,,4502482502,1557163931,7152613788,566687954,26254929341,,
"PERDAGANGAN ECERAN KAKI LIMA DAN LOS PASAR BAHAN BAKAR MINYAK, GAS, MINYAK PELUMAS DAN BAHAN BAKAR LAINNYA",,233682170,3248722229,639183017,,,,,1947136793,1842296597,,,,859355240,492015342,6245567366,1202965102,16710923856,,
"PERDAGANGAN ECERAN KAKI LIMA DAN LOS PASAR BAHAN KIMIA, FARMASI, KOSMETIK DAN YBDI",102370385,48402245,280095475,1215662558,683664532,,133229201,7492213,1916599302,3779530744,,7139336,77117983,2812298517,899123178,12075414844,1008287877,25046428390,,
PERDAGANGAN ECERAN KAKI LIMA DAN LOS PASAR BARANG BEKAS PERLENGKAPAN RUMAH TANGGA,,,807420575,610699629,62744156,,,,2172147339,261986491,,,,724214036,110623499,11283567053,377039373,16410442151,,
"PERDAGANGAN ECERAN KAKI LIMA DAN LOS PASAR BARANG KERAJINAN, MAINAN ANAK-ANAK DAN LUKISAN",,6581840,424579497,276083746,205493241,,,173106069,2337368712,1022460307,,,,496519959,289003906,5484956285,381072905,11097226467,,
PERDAGANGAN ECERAN KAKI LIMA DAN LOS PASAR BARANG LAINNYA,277949559,821863760,3406538065,4862799371,1803820432,93250326,273182176,871390524,7233410704,11087233359,37606092,457966216,78158099,22819619600,15070542046,49759310776,14603704235,133558345340,,
"PERDAGANGAN ECERAN KAKI LIMA DAN LOS PASAR KERTAS, BARANG DARI KERTAS, ALAT TULIS, BARANG CETAKAN, ALAT OLAHRAGA, ALAT MUSIK, ALAT FOTOGRAFI DAN KOMPUTER",,52056402,628652674,1917544401,491223675,,,141105560,2399471093,5257924381,,,118530925,4165097728,351641654,24199395592,2732992059,42455636144,,
,,,,,,,,,,,,,,,,,,,,
PERDAGANGAN ECERAN KAKI LIMA DAN LOS PASAR KOMODITI HASIL PERTANIAN,,,1852952724,12576401214,922541423,173165204,,,6736015513,137946391343,18543183,,,4913221811,41523466970,90358740771,5717233157,302738673313,,
"PERDAGANGAN ECERAN KAKI LIMA DAN LOS PASAR MAKANAN, MINUMAN DAN PRODUK TEMBAKAU HASIL INDUSTRI PENGOLAHAN",188337486,1648685357,2702739513,16689687968,4308573144,,42277358,226670916,8876920629,29867261421,223726963,42818942,300570043,5153341081,5304218506,152711195016,7124657044,235411681387,,
PERDAGANGAN ECERAN KAKI LIMA DAN LOS PASAR PERLENGKAPAN RUMAH TANGGA,16552016,751510944,4801414979,7307287334,3261068974,118495216,215077770,102198130,16960801309,9227597786,31728918,,33011362,7915984097,12840243937,53141721500,6524833010,123249527282,,
"PERDAGANGAN ECERAN KAKI LIMA DAN LOS PASAR TEKSTIL, PAKAIAN DAN ALAS KAKI",,895047148,2363296077,11559151206,2544519235,173916011,331775845,126035948,14586353455,9846976533,69021183,106412481,39022018,4267691641,5478160234,49084344950,5406272020,106877995985,,
PERDAGANGAN ECERAN KHUSUS BAHAN BAKAR KENDARAAN BERMOTOR,,,451838817,8032606007,11824376626,,,,1137503775,1726796323,,13546765,,5746065498,38904054,129579867297,77216456601,235767961763,,
"PERDAGANGAN ECERAN KHUSUS BAHAN KIMIA, BARANG FARMASI, ALAT KEDOKTERAN, PARFUM DAN KOSMETIK DI TOKO",66338907,45318067,2173318650,1134509186,2619761777,103560958,8968490,390679601,3116811000,6212636835,91824618,360643169,73802581,8247892957,2898948196,115097978811,5084908694,147727902497,,
PERDAGANGAN ECERAN KHUSUS BARANG BARU LAINNYA DI TOKO,530580243,2928914772,711555097,4486920397,2604767940,1717874907,453937620,1907891421,4095745135,59675167549,446800530,580051705,1250298969,16710461642,3963049610,168805193819,1467180449,272336391805,,
PERDAGANGAN ECERAN KHUSUS BARANG BEKAS DI TOKO,,39651354,999788894,1529527679,363301280,19750067,8968490,349433377,1713986654,3483712338,,157058551,,4878287044,3573434635,22422584336,522807965,40062292664,,
PERDAGANGAN ECERAN KHUSUS BARANG BUDAYA DAN REKREASI DI TOKO KHUSUS,192272308,131630891,188930163,1627887860,617799327,94823016,402911509,260935698,341762437,7462087565,152867349,257653096,262455910,2509430717,48053031,35672031339,2958639198,53182171414,,
"PERDAGANGAN ECERAN KHUSUS BARANG DAN BAHAN BANGUNAN, CAT DAN KACA DI TOKO",1991650096,1531744752,5023288497,42180918263,20673543668,,,1895008814,71124136124,51951681103,655279800,387945241,834476645,54494060005,35886300470,531205890570,77215862610,897051786658,,
PERDAGANGAN ECERAN KHUSUS BARANG LAINNYA YTDL,90899698,190269803,27191412891,19367363181,7403004045,,,1559035304,25127019530,16103669948,30431492,479420250,194886817,43571114659,17764329835,308480395411,29661670714,497214923578,,
"PERDAGANGAN ECERAN KHUSUS FURNITUR, PERALATAN LISTRIK RUMAH TANGGA, PERALATAN PENERANGAN DAN PERALATAN RUMAH TANGGA LAINNYA DI TOKO",1403183949,4628837797,8258374437,23694074137,11307669781,1644022331,794304649,2909814266,41625830695,26376011015,97891143,1487555201,880028849,44425423847,14075629744,180751904438,33533401663,397893957942,,
PERDAGANGAN ECERAN KHUSUS KOMODITI MAKANAN DARI HASIL PERTANIAN DI TOKO,837201631,12602471380,4351348078,13174755057,3824150610,301089999,19503333,480631918,24070805703,53267983283,5401932717,2861003425,78240049,29635840779,35544039749,194525341548,5452220880,386428560139,,
"PERDAGANGAN ECERAN KHUSUS MAKANAN, MINUMAN DAN TEMBAKAU LAINNYA DI TOKO",879048690,1234945205,38221371922,90966634120,49171689857,42277358,92481531,1147817621,84322869055,64805287439,1282708462,324907054,2111915708,103015693599,55407673541,369168946453,41946028809,904142296424,,
"PERDAGANGAN ECERAN KHUSUS PAKAIAN, ALAS KAKI DAN BARANG DARI KULIT DI TOKO",,,,,,,,,2286659937,7338372505,,,,5213207012,,68737768477,6240927139,89816935070,,
PERDAGANGAN ECERAN KHUSUS PERALATAN INFORMASI DAN KOMUNIKASI DI TOKO,456864559,1881416956,6176161168,10613232041,6851343147,184784005,59782640,1477872279,9234382772,17060783655,199658921,767031670,715890678,14451974867,5532045104,127027555172,7937079595,210627859229,,
PERDAGANGAN ECERAN KHUSUS TEKSTIL DI TOKO,667386270,1731030458,11733025506,43337643135,13060763858,712503117,1205482896,2150639797,41711710093,33204728490,389673719,984449558,838072844,32171112425,19591029297,152386616629,18944383231,374820251323,,
PERDAGANGAN ECERAN MELALUI PEMESANAN POS ATAU INTERNET,,,1065509358,64969756,,,,135759337,,2812800552,,206403438,,,,1785126335,88057559,6158626335,,
"PERDAGANGAN ECERAN YANG UTAMANYA MAKANAN, MINUMAN ATAU TEMBAKAU DI TOKO",3533361917,6371252338,86580969492,117193085661,161300211161,7074689792,1747186509,16765502340,216921646188,269079494443,3814853418,3456721646,2330611869,225140226502,163633448701,1192210943458,158129555480,2635283760915,,
PERDAGANGAN KAPAS,,,,,,,,,,,,,,,,,,,,
PERDAGANGAN KARET,,157626596,7941161262,7925946378,22026018021,,,,55595114300,39089912286,,1911169038,481709351,37420431554,430971026,91208191052,74521228803,338709479667,,
PERDAGANGAN KAYU,,37511777,3425356127,4185106174,940064972,11899024,11743185,,8681450009,4662261506,,11567508,,1760438399,644085374,39644237091,8618102287,72633823433,,
PERDAGANGAN LADA,,,,,41344574,,,,942714733,,78590228,,,131429542,72304557,1185369025,,2451752659,,
PERDAGANGAN MOBIL,175945265,190916776,1049387485,5793265226,454260419,,,,17988054541,7205213511,,61084584,,7119692542,5364957933,916188471150,8391756825,969983006257,,
PERDAGANGAN SEPEDA MOTOR,,24730687,1370765581,512609522,1818742213,177520593,,26906370,6202754872,3249982670,,16978345,46274816,3069007536,3940597199,171825980913,2397718498,194680569815,,
PERDAGANGAN SUKU CADANG DAN AKSESORI MOBIL,,195659548,6877625702,11916006670,4786300166,,690436796,705431718,9533213952,13430555843,,140771045,76657144,6756006789,1428868402,200526522813,24258596515,281322653103,,
PERDAGANGAN SUKU CADANG SEPEDA MOTOR DAN AKSESORINYA,306099930,618643234,16516348958,10442045838,24450813457,919479084,264772157,,22741469270,17647202010,272958155,1349662572,312404076,17329777013,17708827533,157478482555,21095214162,309454200004,,
PERGUDANGAN DAN PENYIMPANAN,,,,,,,,,1656609786,208764976,,,,3246620878,,108925846135,9281051276,123318893051,,
PERIKANAN BUDIDAYA BIOTA AIR LAUT LAINNYA,,90956009,,33001587,,,,,18423226,9991814,,3000000,,561543555,209088010,1042005229,,1968009430,,
PERIKLANAN DAN PENELITIAN PASAR,275519954,,,,,,,,326472319,,,201243780,,159021113,,6515063549,,7477320715,,
PERKEBUNAN BUAH KELAPA,1599863814,,205399205,951267684,3628329690,,,,163607305,2040472795,,,,197832053,,177951182173,,186737954719,,
PERKEBUNAN BUAH KELAPA SAWIT,12165162007,16414389712,291931248315,236161223493,959929774840,32115409880,46637854429,3552672829,543480674850,367671265569,560629572,432662440,2247664259,1451881240820,5070623848,9967174816065,641070211724,14578497524652,,
PERKEBUNAN BUAH OLEAGINOUS LAINNYA,,,,,,,,,,,,,,,,,,,,
PERKEBUNAN CENGKEH,,,,,,,,,,831140511,,,,,,4214321220,,5045461731,,
PERKEBUNAN KARET DAN TANAMAN PENGHASIL GETAH LAINNYA,13873152572,2985133660,186296091163,163547161119,490114502384,4435285335,1698563744,8109586707,1084611700216,523385639305,299793591,34682849422,20037646221,385105556210,12170500794,479569065603,694726385844,4105648613890,,
PERKEBUNAN LADA,,,,,,,,,,17972681,,,,,557164563,,,575137244,,
PERKEBUNAN TANAMAN AROMATIK/PENYEGAR,,,,,,,,,,,,,,,,1973753131,44609579,2018362710,,
PERKEBUNAN TANAMAN COKLAT (KAKAO),,7980595031,99697604,12074361,,,,,,56941741,,,,78896414,596021432,2391609605,,11215836188,,
PERKEBUNAN TANAMAN KOPI,,141960309,4921834443,48694957056,,209488035,,,,64930577364,15102041724,,,2051580132,81202806406,33527142707,95785148,250878173324,,
PERKEBUNAN TANAMAN OBAT / BAHAN FARMASI,,,,,,,,,109577130,45680541,,,,237781501,71801925,632720800,33157837,1130719734,,
PERKEBUNAN TANAMAN REMPAH PALA,,,,,,,,,,,,,,,,,,,,
PERKEBUNAN TANAMAN REMPAH PANILI,,,,,,,,,,,,,,,,122187677,,122187677,,
PERKEBUNAN TANAMAN REMPAH YANG TIDAK DIKLASIFIKASIKAN DI TEMPAT LAIN,,,,63568423,,,,,30000000,2584433837,,,,,1215381403,11815090618,63359742,15771834023,,
PERKEBUNAN TANAMAN TEH,,,,,,,,,,,,,,,,,,,,
PERKEBUNAN TEBU,,,38728013,,22083483,,,,461184616,6475652285,,,,,187018062,5324677274,29349578,12538693311,,
PERKEBUNAN TEMBAKAU,,,,,12768356,,,14800488,57320995,225772046,,,,132528355,17402013,670525061,124418599,1255535913,,
PERPUSTAKAAN DAN ARSIP,,,,46327509,,,,,,,,,,,,948013499,59249267,1053590275,,
PERTAMBANGAN BAHAN GALIAN LAINNYA YANG TIDAK MENGANDUNG BIJIH BESI,,,,,230094791,,,,,,,,,,,,,230094791,,
PERTAMBANGAN BATU BARA DAN LIGNIT,,,935009738,36752637692,,,,,,1139757369,,,,8626756612,,336396665851,950000000019,1333850827281,,
PERTAMBANGAN BIJIH BAUKSIT/ALUMINIUM,,,,,,,,,,,,,,,,,,,,
PERTAMBANGAN BIJIH LOGAM MULIA LAINNYA,,,,,,,,,,,,,,,,,,,,
PERTAMBANGAN BIJIH NIKEL,,,,,,,,,,,,,,,,7743202952,,7743202952,,
PERTAMBANGAN BIJIH TEMBAGA,,,,,,,,,,,,,,,,,,,,
PERTAMBANGAN BIJIH TIMAH,,,,,,,,,,,,,,,,13176164,,13176164,,
PERTAMBANGAN BIJIH URANIUM DAN THORIUM,,,,,,,,,,,,,,,,,,,,
PERTAMBANGAN DAN PENGGALIAN,,,,,,,,,,,,,,,,,,,,
PERTAMBANGAN DAN PENGGALIAN LAINNYA YTDL,,,,1499999233,,,,,1577285169,1455930500,,,,100000000,142850222,20322556582,296591238,25395212944,,
"PERTAMBANGAN MINERAL, BAHAN KIMIA DAN BAHAN PUPUK",,,,,,,,,,17287869,,,,,,0,,17287869,,
PERTAMBANGAN MINYAK BUMI DAN GAS ALAM,,,,,,,,,,,,,,,,13690888181,361004595,14051892776,,
PERTAMBANGAN PASIR BESI DAN BIJIH BESI,,,,,,,,,,38315372,,,,,,436204426,,474519798,,
PERTAMBANGAN PERAK,,,,,279854447,,,,,,,,,,,,,279854447,,
PERTAMBNGAN EMAS,,,,,2500000000,,,,,,,,,,,,,2500000000,,
PERTANIAN ANEKA UMBI PALAWIJA,,,40873641,11127820,93934461,99119292,,,5075437203,1244605841,,609459463,,615323898,989181059,14205180158,194953613,23179196449,,
PERTANIAN BIT GULA DAN TANAMAN PEMANIS BUKAN TEBU,,,,,45481699,,,,,,,3767585295,,,,,,3813066994,,
PERTANIAN BUAH APEL DAN BUAH BATU (POME AND STONE FRUITS),,,,,,,,,,,,,,,,,,,,
PERTANIAN BUAH JERUK,,,,,,,,26339320,313899027,20000000,,219483732,,748588592,145896109,505889608,80099116,2060195504,,
PERTANIAN BUAH PISANG,,,210320429,18950786,,,,,1630014263,546715902,,,,,10226626,10308922372,,12725150378,,
PERTANIAN BUAH-BUAHAN TROPIS DAN SUBTROPIS LAINNYA,11055643,500279241,141116647,335810089,472282185,249434832,,295218451,2821413238,2632541526,,269074352,,3709279889,12731709015,11810563016,654605227,36634383351,,
PERTANIAN CABAI,,,,,,,,,,179242160,,,,829185759,,,,1008427919,,
PERTANIAN CEMARA DAN TANAMAN TAHUNAN LAINNYA,,,,,,,,,,,,,,,,16452256349,,16452256349,,
PERTANIAN HORTIKULTURA BAWANG MERAH,,,,,96044418,,,,207064669,85424970,,,,259342091,126144048,56262203,61435127,891717526,,
PERTANIAN JAGUNG,100000000,3949756190,4022938,295768720,,155056511,,,381597063,37006178023,158332192,327981627,,197922034,1834132466,10648365733,31898001,55091011498,,
PERTANIAN KACANG TANAH,,,,,,,,,1219440672,8966484,,,,,33437883,174393729,,1436238768,,
PERTANIAN KEDELAI,,,6010563475,2383282612,25818569792,,,,52073181716,395751931,,,,10595828880,5150896634,103490482505,2883841841,208802399386,,
PERTANIAN PADI,38965448247,13757007567,1277303117,1738057855,19809461575,46535870,,166585560,142696031288,328729091842,,17695886124,,40123421180,21115869532,414789368522,230531296,1041140599575,,
PERTANIAN PEMBIBITAN TANAMAN BUNGA,,,,85579861,188933837,,,5380980,3382359311,178995014,,242583269,,324832969,434709296,3758687780,103652364,8705714681,,
PERTANIAN PENGEMBANGBIAKAN TANAMAN,,,,,,,,,,,,,,,,610417434,,610417434,,
PERTANIAN SAYURAN DAN BUAH SEMAK DAN BUAH BIJI KACANG-KACANGAN LAINNYA,,,,,,,,,,71367279,,,,173053127,,1455680979,,1700101385,,
"PERTANIAN SAYURAN, BUAH DAN ANEKA UMBI LAINNYA",,341529714,1264383904,20698748541,1269363296,62098348,,242174210,17239722482,4275959989,,152296384,,15658859133,106836684791,34461667270,9902547198,212406035260,,
"PERTANIAN SEREALIA LAINNYA, ANEKA KACANG DAN BIJI-BIJIAN PENGHASIL MINYAK LAINNYA",,,,947593413,17342171,,,,1541745893,21232744119,,,,318790942,89963806,273927636510,,298075816854,,
PERTANIAN TANAMAN BERSERAT,,,,,,,,,121181282,,,,,67958810,81874324,152176341,,423190757,,
PERTANIAN TANAMAN BUNGA,,,28072211,,,,,,39848082,,,,,126126082,122483616,1976887712,27319324,2320737027,,
PERTANIAN TANAMAN HIAS,,,,94162578,28016689,,,,644821562,,,,,125065848,291428477,10525154188,175722124,11884371466,,
PERTANIAN TANAMAN SEMUSIM LAINNYA YTDL,,,55209979,1578546942,87790048,79551030,,231707413,211910299,146892229313,,,,1326520154,488400918,42600984581,338323564,193891174241,,
PERTANIAN TANAMAN UNTUK BAHAN MINUMAN LAINNYA,,,,,,,,,,,,,,,,58731414,,58731414,,
"PERTANIAN, KEHUTANAN DAN PERIKANAN",,,,,,,,,,,,,,,,,,,,
PETERNAKAN BABI,,,,,,,,,,170313609,,,,77731775,,981704753,,1229750137,,
PETERNAKAN DOMBA DAN KAMBING,4516270,32970619,127276159,182855963,63990353,327326583,,50429944,1309617896,8557585786,,310152316,,1414541250,648494587,10934891352,211870513,24176519591,,
PETERNAKAN LAINNYA,,,1044477141,,287189805,,,,963672784,737952097,,,,6492654915,1429754342,15494389706,207979141,26658069931,,
PETERNAKAN UNGGAS,28235504,155107003,1534815093,12548542552,1145043080,604862916,21117900,457874546,11608550542,19380813787,471035532,661289395,28136614,6427447823,1220320515,122749654372,6240416369,185283263543,,
PORTAL WEB DAN/ATAU PLATFORM DIGITAL DENGAN TUJUAN KOMERSIAL,,,,,,,,,,,,,,,,910656990,,910656990,,
PORTAL WEB DAN/ATAU PLATFORM DIGITAL TANPA TUJUAN KOMERSIAL,,,,,,,,,,,,,,,,,,,,
REAL ESTAT,,,,,,,,,,,,,,,,,,,,
REAL ESTAT ATAS DASAR BALAS JASA (FEE) ATAU KONTRAK,,,892554910,653739992,9500916604,,,,,443657684,,,,652028004,193690743,17142941842,2828378087,32307907866,,
"REAL ESTATE GEDUNG PERBELANJAAN (MAL, PLAZA)",,,,,,,,,,,,,,,,1015151264396,,1015151264396,,
REAL ESTATE GEDUNG PERKANTORAN,,,,,,,,,,,,,,,,0,,0,,
REAL ESTATE GEDUNG RUMAH TOKO (RUKO) ATAU RUMAH KANTOR (RUKAN),,,,,,,,,2649717035,134663593,,,,,,247459905700,182855123,250427141451,,
REAL ESTATE LAINNYA,395751966,,62690159,72311479,26492520,,,,678514820,14031110104,,119294296,,1262717053,,307809021746,627102535,325085006678,,
REAL ESTATE PERUMAHAN FLAT / APARTEMEN,,,,,,,,,471118687,22435057,,,,,,772880764,,1266434508,,
"REAL ESTATE PERUMAHAN MENENGAH, BESAR ATAU MEWAH (TIPE DIATAS 70)",,,,,,,,,,,,,,,,111822706279,481619869,112304326148,,
REAL ESTATE PERUMAHAN SEDERHANA PERUMNAS,,,482560408,42567816,11833216,,,,,797340140,,,,62540374,2410699858,120974487327,1737913097,126519942236,,
REAL ESTATE PERUMAHAN SEDERHANA PERUMNAS TIPE 21,,,,46502931,129063122,,,,,,,,,351115233,,1547192362,244556015,2318429663,,
REAL ESTATE PERUMAHAN SEDERHANA PERUMNAS TIPE 22 S.D. 70,,,566053249,1066500000,791924695,,,,34918541,3077619448,,,,766761977,,195265828547,938151704,202507758161,,
REPARASI DAN PEMASANGAN MESIN DAN PERALATAN,,,,,,,,,,,,,,,,331180520,,331180520,,
REPARASI DAN PERAWATAN MOBIL,14129144620,3304555175,665802215,2332984824,2301566056,2698328299,2269172304,7653156986,3998320545,10888211386,507151828,2283019985,642465069,10521931054,3454319332,90432586410,7707100175,165789816263,,
REPARASI DAN PERAWATAN SEPEDA MOTOR,,,,,,,,,93445634,143514742,,,,209933350,,2956861215,127435129,3531190070,,
REPARASI KOMPUTER DAN BARANG KEPERLUAN PRIBADI DAN PERLENGKAPAN RUMAH TANGGA,,29407135,108794765,,84024974,,,,,,,,,87754612,129655246,2184872733,6289931,2630799396,,
REPRODUKSI MEDIA REKAMAN,,,,57763196,,,,,17564160,293784136,,,,27162136,,21185286,,417458914,,
RESTORAN DAN PENYEDIAAN MAKANAN KELILING,292085551,262744322,3141323346,18220503934,11557787260,326539638,,868149132,18229065721,29664151075,83698494,309467814,482266353,38971252380,3266860184,465581254941,21559600619,612816750764,,
RUMAH TANGGA,,,,,,,,,,,,,,,,,,,,
RUMAH TANGGA UNTUK KEPERLUAN MULTIGUNA BERAGUNAN APARTEMEN S.D TIPE 21,,,,,,,,,,,,,,,,230000000,,230000000,,
RUMAH TANGGA UNTUK KEPERLUAN MULTIGUNA BERAGUNAN APARTEMEN TIPE 22 S.D 70,,,,,,,,,,,,,,42539206,,2015587965,1473794579,3531921750,,
RUMAH TANGGA UNTUK KEPERLUAN MULTIGUNA BERAGUNAN APARTEMEN TIPE DIATAS 70,,,,,,,,,106724738,145242420,,,,2886161307,,3283544672,,6421673137,,
RUMAH TANGGA UNTUK KEPERLUAN MULTIGUNA BERAGUNAN RUKO/RUKAN,,142000000,2294313255,1510193582,334709784,,,335000000,3640304077,9501809673,943604427,,,3899511218,254559459,114323987292,2104212122,139284204889,,
RUMAH TANGGA UNTUK KEPERLUAN MULTIGUNA BERAGUNAN RUMAH TINGGAL S.D TIPE 21,84640628,,98655073,,,,,,,276628102,563736525,,,692090783,,6092767553,897434640,8705953304,,
RUMAH TANGGA UNTUK KEPERLUAN MULTIGUNA BERAGUNAN RUMAH TINGGAL TIPE 22 S.D 70,960998366,,912803455,1126972725,1888645726,966389630,125146137,4594425560,1279667656,1576375977,302946316,140042446,10119720355,3545084463,1116346565,80260665115,4082399271,112998629763,,
RUMAH TANGGA UNTUK KEPERLUAN MULTIGUNA BERAGUNAN RUMAH TINGGAL TIPE DIATAS 70,,,,2199098658,2182649326,,,,,2890768728,,721994867,,24423907505,1338204630,571305686992,66749761528,671812072234,,
RUMAH TANGGA UNTUK KEPERLUAN MULTIGUNA LAINNYA,624200083826,557124292787,737929010476,786276086471,608268757748,304481577672,187083851906,318487990474,464048313975,1440448499610,124671758949,61576548766,3759157030,1797324371317,374924276642,9332624401426,732157222723,18455386201798,,
RUMAH TANGGA UNTUK KEPERLUAN YANG TIDAK DIKLASIFIKASIKAN DI TEMPAT LAIN,562152860664,5056330707,435804529711,789996333658,1036416178641,171131380352,93361599872,332923374454,931874255117,718696646076,487835441989,801417663480,365541148313,445834643547,317318323602,3785116218905,932380045575,12212856974663,,
RUMAH TANGGA UNTUK PEMILIKAN FLAT ATAU APARTEMEN S.D. TIPE 21,,,,134986601,,,,,,,,,,,,53428782907,,53563769508,,
RUMAH TANGGA UNTUK PEMILIKAN FLAT ATAU APARTEMEN TIPE 22 S.D. 70,140677290,,264559031,1017400283,662001353,1980915120,,,1172007929,1477017704,,,,7196737353,2047213383,57777020406,8473684115,82209233967,,
RUMAH TANGGA UNTUK PEMILIKAN FLAT ATAU APARTEMEN TIPE DIATAS 70,,,427107394,330050150,,,,,,,,1522047088,,1318338957,,21994652275,963793558,26555989422,,
RUMAH TANGGA UNTUK PEMILIKAN FURNITUR DAN PERALATAN RUMAH TANGGA,,,,,,,,,,,,,,,,193408681,,193408681,,
RUMAH TANGGA UNTUK PEMILIKAN KENDARAAN BERMOTOR LAINNYA,,,,,,,,,,,,,434779489,97762586,545100833,427164487,,1504807395,,
RUMAH TANGGA UNTUK PEMILIKAN KOMPUTER DAN ALAT KOMUNIKASI,,,,,,,,,,4109745071,,,,,,364672934,440444240,4914862245,,
RUMAH TANGGA UNTUK PEMILIKAN MOBIL RODA EMPAT,264645582,101241765,,,,,,,,8871642527,588549909,210138466,,17435579953,2403955674,424576333136,38911432336,493363519348,,
RUMAH TANGGA UNTUK PEMILIKAN PERALATAN LAINNYA,,,,81586519,,,,,,5750387841,,,,12096660020,,201964016631,7867090463,227759741474,,
RUMAH TANGGA UNTUK PEMILIKAN RUMAH TINGGAL S.D. TIPE 21,,,527142598,3862793285,785533837,,,,669882666,1516562211,165527908,,,11812228762,5439739213,218957879392,1520526399,245257816271,,
RUMAH TANGGA UNTUK PEMILIKAN RUMAH TINGGAL TIPE 22 S.D. 70,78758410406,10551697550,64893230123,293923612864,58335850920,22988013795,15131889820,41954449006,94852527097,544988028732,16808027845,63495290709,31735596693,596339743662,101591719667,13688469676090,286605313144,16011423078123,,
RUMAH TANGGA UNTUK PEMILIKAN RUMAH TINGGAL TIPE DIATAS 70,4881638807,7631338605,2420700151,20912968407,7052452489,2953915244,325194863,681103003,6575945676,31662149107,833164608,9477500661,3284816130,37172847915,2354262714,1879116377942,47468678443,2064805054765,,
RUMAH TANGGA UNTUK PEMILIKAN RUMAH TOKO (RUKO) ATAU RUMAH KANTOR (RUKAN),2940703603,532409725,405208730,131163129,12600343,631018778,,,1580574212,4924122329,,5712821157,,8732838502,,414327083878,4455950746,444386495132,,
RUMAH TANGGA UNTUK PEMILIKAN SEPEDA BERMOTOR,,,,,,,,,,86005492,,,,449547120,,2797049498,1351437873,4684039983,,
"RUMAH TANGGA UNTUK PEMILIKAN TELEVISI, RADIO, DAN ALAT ELEKTRONIK",,,,,,,,,,,,,,,,,,,,
RUMAH TANGGA UNTUK PEMILIKAN TRUK DAN KENDARAAN BERMOTOR RODA ENAM ATAU LEBIH,,,,,,,,,,,,,,,,,178476194,178476194,,
SEWA GUNA USAHA DENGAN HAK OPSI,,,,,,,,,,,,,,,,736230392,,736230392,,
TELEKOMUNIKASI,,,,94976434,164299930,,,,,57710792,,,,961145342,,7462755961,,8740888459,,
USAHA KEHUTANAN LAINNYA,,,,258050000,,,,2879874,,,,,,110412353,,6534987918,,6906330145,,
Unknown,,,,,,,,,,,,,,,,,,,,
All,1383149938188,711181780427,2296332602173,3407150077959,3848708947032,588180438990,367073642250,778915681498,4915569683633,6597461619401,680643441790,1070294008362,502926332412,6793118573365,1919914607502,81776795167057,5787246108246,123424662650285,,
2025-12-04 00:00:00,,,,,,, - 1 - ,,,,,,14:56:22,,,,,,,
,,,,,,,,,,,,,,,,,,350647031449,,
,,,,,,,,,,,,,,,,,,15656271628211,,
